source,year,country,calls,linked,lag_med_days
api,2019,RO,2,0,
api,2020,RO,6,0.5,1499
api,2021,RO,21,0.81,999
api,2022,RO,34,0.794,755
api,2023,AT,791,0.549,150
api,2023,BE,2151,0.595,156
api,2023,CH,1240,0.657,130
api,2023,CY,45,0.556,233
api,2023,CZ,1,0,
api,2023,DE,11308,0.665,104
api,2023,DK,505,0.717,118.5
api,2023,EE,583,0.995,86
api,2023,ES,2243,0.824,143
api,2023,FI,1601,0.626,120
api,2023,FR,30,0.1,242
api,2023,GR,57,0.86,194
api,2023,HR,22,0.909,109.5
api,2023,HU,557,0.957,120
api,2023,IE,668,0.467,237.5
api,2023,IS,32,0.344,137
api,2023,IT,304,0.395,179
api,2023,LI,7,0.429,17
api,2023,LT,893,0.845,100
api,2023,LU,49,0.571,179.5
api,2023,LV,618,0.956,90
api,2023,MK,3,0.667,482
api,2023,MT,129,0.86,182
api,2023,NL,1790,0.822,141
api,2023,NO,1301,0.459,126
api,2023,PL,4025,0.849,90
api,2023,PT,2,0.5,105
api,2023,RO,703,0.909,130
api,2023,SE,1941,0.577,132
api,2023,SK,614,0.94,95
api,2023,UK,2,0.5,137
api,2024,AT,5384,0.591,133
api,2024,BE,7874,0.623,175
api,2024,BG,6992,0.963,111
api,2024,CH,5371,0.729,123
api,2024,CY,890,0.567,200
api,2024,CZ,9984,0.974,101
api,2024,DE,69799,0.691,99
api,2024,DK,2954,0.767,119
api,2024,EE,1973,0.996,86
api,2024,ES,23007,0.753,144
api,2024,FI,5685,0.649,127
api,2024,FR,50248,0.5,147
api,2024,GR,3479,0.502,221
api,2024,HR,2988,0.939,121.5
api,2024,HU,2912,0.949,116
api,2024,IE,4567,0.504,196
api,2024,IS,303,0.571,152
api,2024,IT,14287,0.224,224
api,2024,LI,78,0.808,104
api,2024,LT,4948,0.62,87.5
api,2024,LU,1393,0.391,200
api,2024,LV,3463,0.978,90
api,2024,MK,913,0.102,136
api,2024,MT,935,0.858,175
api,2024,NL,7629,0.796,149
api,2024,NO,5487,0.508,106
api,2024,PL,31099,0.878,91
api,2024,PT,5617,0.311,144
api,2024,RO,10660,0.922,116.5
api,2024,SE,10248,0.716,110
api,2024,SI,3062,0.949,98
api,2024,SK,2354,0.955,104
api,2024,UK,106,0.792,286.5
api,2025,AT,5248,0.661,130
api,2025,BE,7867,0.585,162
api,2025,BG,8256,0.929,105
api,2025,CH,5578,0.799,124
api,2025,CY,926,0.589,133
api,2025,CZ,11245,0.96,100
api,2025,DE,69157,0.709,97
api,2025,DK,3118,0.794,106
api,2025,EE,2154,0.991,84
api,2025,ES,24298,0.73,140
api,2025,FI,5745,0.665,126
api,2025,FR,53082,0.449,140
api,2025,GR,3811,0.455,195
api,2025,HR,2955,0.925,119
api,2025,HU,3073,0.916,116
api,2025,IE,5018,0.46,155
api,2025,IS,313,0.431,131
api,2025,IT,14981,0.25,176
api,2025,LI,79,0.759,122
api,2025,LT,6162,0.758,96
api,2025,LU,1602,0.356,177
api,2025,LV,4193,0.965,84
api,2025,MK,1123,0.063,94
api,2025,MT,986,0.726,165
api,2025,NL,8062,0.763,147
api,2025,NO,6122,0.476,104
api,2025,PL,35332,0.903,91
api,2025,PT,7391,0.248,133
api,2025,RO,9773,0.888,114
api,2025,SE,11122,0.654,109
api,2025,SI,3361,0.934,97
api,2025,SK,2413,0.912,110
api,2025,UK,57,0.474,180
api,2026,AT,3650,0.304,95
api,2026,BE,6058,0.195,111
api,2026,BG,5085,0.512,91
api,2026,CH,4169,0.405,98
api,2026,CY,642,0.276,99
api,2026,CZ,7776,0.561,85
api,2026,DE,52760,0.428,83
api,2026,DK,2266,0.371,84
api,2026,EE,1536,0.655,77
api,2026,ES,17807,0.308,112
api,2026,FI,4491,0.403,100
api,2026,FR,35457,0.189,117
api,2026,GR,2796,0.128,117
api,2026,HR,2211,0.459,97
api,2026,HU,2152,0.457,93
api,2026,IE,3947,0.197,104
api,2026,IS,256,0.203,76
api,2026,IT,12108,0.103,98
api,2026,LI,87,0.425,105
api,2026,LT,4032,0.455,78
api,2026,LU,1329,0.128,120
api,2026,LV,3264,0.623,75
api,2026,MK,787,0.024,78
api,2026,MT,767,0.233,89
api,2026,NL,5778,0.291,121
api,2026,NO,4451,0.275,80
api,2026,PL,26653,0.556,79
api,2026,PT,5483,0.129,109
api,2026,RO,6662,0.452,87
api,2026,SE,8068,0.358,88
api,2026,SI,2528,0.544,84
api,2026,SK,1677,0.443,90
api,2026,UK,31,0.129,73
csv,2016,AT,3178,0.589,147
csv,2016,BE,5690,0.465,166
csv,2016,BG,3686,0.904,130
csv,2016,CH,4418,0.682,126
csv,2016,CY,339,0.463,140
csv,2016,CZ,4602,0.748,140
csv,2016,DE,31434,0.623,119
csv,2016,DK,2205,0.8,133
csv,2016,EE,964,0.905,97
csv,2016,ES,10787,0.755,163
csv,2016,FI,3620,0.669,149
csv,2016,FR,40295,0.616,148
csv,2016,GR,1609,0.47,240.5
csv,2016,HR,1635,0.865,138
csv,2016,HU,1856,0.963,152
csv,2016,IE,1463,0.64,212
csv,2016,IS,150,0.54,213
csv,2016,IT,8423,0.641,187
csv,2016,LI,9,0.778,111
csv,2016,LT,2220,0.781,125
csv,2016,LU,672,0.676,186.5
csv,2016,LV,1124,0.873,99
csv,2016,MK,1738,0.235,96
csv,2016,MT,494,0.123,176
csv,2016,NL,4683,0.788,147
csv,2016,NO,4412,0.51,136
csv,2016,PL,18074,0.816,93
csv,2016,PT,1711,0.5,175
csv,2016,RO,3582,0.819,99
csv,2016,SE,7432,0.572,121
csv,2016,SI,1353,0.959,126
csv,2016,SK,1173,0.844,149.5
csv,2016,UK,10920,0.547,152
csv,2017,AT,3263,0.661,158
csv,2017,BE,5955,0.443,177
csv,2017,BG,4522,0.973,130
csv,2017,CH,4411,0.65,126
csv,2017,CY,368,0.451,178
csv,2017,CZ,5609,0.951,118
csv,2017,DE,37311,0.652,116
csv,2017,DK,2717,0.84,125
csv,2017,EE,1134,0.949,94
csv,2017,ES,13177,0.672,168
csv,2017,FI,3786,0.746,145
csv,2017,FR,44532,0.635,143
csv,2017,GR,2035,0.607,255
csv,2017,HR,1461,0.958,126
csv,2017,HU,2574,0.963,154
csv,2017,IE,1588,0.7,193
csv,2017,IS,183,0.574,204
csv,2017,IT,9968,0.683,195
csv,2017,LI,12,0.667,109.5
csv,2017,LT,2539,0.826,127
csv,2017,LU,750,0.649,186
csv,2017,LV,1332,0.969,114
csv,2017,MK,1632,0.259,97.5
csv,2017,MT,500,0.264,191
csv,2017,NL,5143,0.851,145
csv,2017,NO,4321,0.584,130
csv,2017,PL,22387,0.889,98
csv,2017,PT,2321,0.572,190
csv,2017,RO,5221,0.786,103
csv,2017,SE,8428,0.779,115
csv,2017,SI,1574,0.971,124
csv,2017,SK,1658,0.822,149
csv,2017,UK,10774,0.624,150
csv,2018,AT,3101,0.72,152
csv,2018,BE,5665,0.536,177
csv,2018,BG,5140,0.976,132
csv,2018,CH,4759,0.685,127
csv,2018,CY,379,0.504,150
csv,2018,CZ,7210,0.949,113
csv,2018,DE,41448,0.741,117
csv,2018,DK,2710,0.892,127
csv,2018,EE,1332,0.983,90
csv,2018,ES,13196,0.644,169
csv,2018,FI,4302,0.79,153
csv,2018,FR,44549,0.66,143
csv,2018,GR,2831,0.703,257
csv,2018,HR,1983,0.96,129
csv,2018,HU,2764,0.923,162
csv,2018,IE,1613,0.709,217
csv,2018,IS,155,0.677,132
csv,2018,IT,10755,0.705,202
csv,2018,LI,14,0.571,107.5
csv,2018,LT,3356,0.888,110
csv,2018,LU,793,0.724,197
csv,2018,LV,1615,0.97,107.5
csv,2018,MK,1968,0.258,99
csv,2018,MT,804,0.68,144
csv,2018,NL,5891,0.821,140
csv,2018,NO,4617,0.652,128
csv,2018,PL,24723,0.909,101
csv,2018,PT,2544,0.722,159
csv,2018,RO,5483,0.527,231
csv,2018,SE,8544,0.818,122
csv,2018,SI,1537,0.983,119
csv,2018,SK,1750,0.847,133
csv,2018,UK,10909,0.648,151
csv,2019,AT,3454,0.789,146
csv,2019,BE,6002,0.604,175
csv,2019,BG,4961,0.983,129
csv,2019,CH,4878,0.637,126
csv,2019,CY,352,0.605,188
csv,2019,CZ,6980,0.952,112
csv,2019,DE,46899,0.818,112
csv,2019,DK,2863,0.915,123
csv,2019,EE,1320,0.989,87
csv,2019,ES,15911,0.793,171
csv,2019,FI,4526,0.79,147
csv,2019,FR,46097,0.673,144
csv,2019,GR,2719,0.76,256
csv,2019,HR,2290,0.963,133
csv,2019,HU,2934,0.983,150
csv,2019,IE,1829,0.706,212
csv,2019,IS,202,0.772,122.5
csv,2019,IT,10935,0.763,205
csv,2019,LI,17,0.882,91
csv,2019,LT,3706,0.912,99
csv,2019,LU,993,0.641,192
csv,2019,LV,1679,0.977,105
csv,2019,MK,1221,0.287,104
csv,2019,MT,620,0.582,128
csv,2019,NL,5613,0.895,141
csv,2019,NO,4806,0.652,121
csv,2019,PL,25372,0.929,95
csv,2019,PT,3179,0.75,155
csv,2019,RO,6690,0.868,143
csv,2019,SE,8729,0.861,118
csv,2019,SI,1907,0.979,113
csv,2019,SK,1496,0.917,139
csv,2019,UK,10997,0.688,154
csv,2020,AT,3654,0.842,140
csv,2020,BE,6306,0.649,171
csv,2020,BG,4252,0.973,133
csv,2020,CH,4630,0.69,137
csv,2020,CY,335,0.645,195.5
csv,2020,CZ,6763,0.975,112
csv,2020,DE,51139,0.85,106
csv,2020,DK,2738,0.866,122
csv,2020,EE,1477,0.992,89
csv,2020,ES,15538,0.871,161
csv,2020,FI,5108,0.728,137
csv,2020,FR,40841,0.708,151
csv,2020,GR,3237,0.715,256.5
csv,2020,HR,2380,0.961,127
csv,2020,HU,3026,0.988,135
csv,2020,IE,2009,0.672,207
csv,2020,IS,235,0.8,101
csv,2020,IT,10475,0.773,193
csv,2020,LI,24,0.917,97.5
csv,2020,LT,4106,0.935,97
csv,2020,LU,1031,0.646,190
csv,2020,LV,1700,0.979,104
csv,2020,MK,859,0.277,92
csv,2020,MT,698,0.638,165
csv,2020,NL,5843,0.901,146
csv,2020,NO,5086,0.66,118
csv,2020,PL,28141,0.961,99
csv,2020,PT,3282,0.733,148
csv,2020,RO,6544,0.89,142
csv,2020,SE,8754,0.852,113
csv,2020,SI,2071,0.966,110
csv,2020,SK,1531,0.95,143
csv,2020,UK,8482,0.657,156
csv,2021,AT,3853,0.795,132
csv,2021,BE,6973,0.543,165
csv,2021,BG,5295,0.962,108
csv,2021,CH,4375,0.679,126
csv,2021,CY,430,0.602,157
csv,2021,CZ,7204,0.964,110
csv,2021,DE,55199,0.808,100
csv,2021,DK,2870,0.85,114
csv,2021,EE,1627,0.991,86
csv,2021,ES,19161,0.847,147
csv,2021,FI,5375,0.651,125
csv,2021,FR,47335,0.677,140
csv,2021,GR,3739,0.672,251
csv,2021,HR,2515,0.947,121
csv,2021,HU,3760,0.98,126
csv,2021,IE,2251,0.618,190
csv,2021,IS,277,0.726,103
csv,2021,IT,12395,0.75,169
csv,2021,LI,29,0.897,97
csv,2021,LT,4354,0.921,90
csv,2021,LU,1227,0.558,177
csv,2021,LV,2119,0.962,99
csv,2021,MK,1025,0.251,89
csv,2021,MT,758,0.686,134
csv,2021,NL,6700,0.853,144
csv,2021,NO,5435,0.617,105
csv,2021,PL,23840,0.977,91
csv,2021,PT,3863,0.668,126
csv,2021,RO,7733,0.886,135
csv,2021,SE,9826,0.816,104
csv,2021,SI,2590,0.947,103
csv,2021,SK,1877,0.948,145
csv,2021,UK,280,0.643,133
csv,2022,AT,4403,0.752,122
csv,2022,BE,6951,0.541,152
csv,2022,BG,6264,0.952,105
csv,2022,CH,4567,0.652,124
csv,2022,CY,522,0.556,151
csv,2022,CZ,8372,0.951,104
csv,2022,DE,58213,0.782,98
csv,2022,DK,3028,0.827,108
csv,2022,EE,1756,0.963,84
csv,2022,ES,21148,0.822,139
csv,2022,FI,5370,0.664,126
csv,2022,FR,49583,0.647,135
csv,2022,GR,4168,0.584,193
csv,2022,HR,2993,0.924,117
csv,2022,HU,3360,0.956,109
csv,2022,IE,2680,0.539,172
csv,2022,IS,273,0.681,94
csv,2022,IT,12876,0.686,156
csv,2022,LI,76,0.671,117
csv,2022,LT,4893,0.902,91
csv,2022,LU,1410,0.466,158
csv,2022,LV,3134,0.953,90
csv,2022,MK,1044,0.275,89
csv,2022,MT,812,0.706,130
csv,2022,NL,6491,0.835,135
csv,2022,NO,5473,0.608,100
csv,2022,PL,31436,0.965,87
csv,2022,PT,4233,0.618,120
csv,2022,RO,9383,0.868,119
csv,2022,SE,9613,0.805,100
csv,2022,SI,2490,0.933,102
csv,2022,SK,2439,0.913,112
csv,2022,UK,154,0.747,128
csv,2023,AT,3732,0.365,95
csv,2023,BE,5118,0.195,106
csv,2023,BG,5618,0.517,93
csv,2023,CH,3515,0.295,103
csv,2023,CY,397,0.242,115
csv,2023,CZ,6996,0.533,88
csv,2023,DE,50818,0.466,86
csv,2023,DK,2228,0.422,89
csv,2023,EE,726,0.289,66
csv,2023,ES,16358,0.359,111
csv,2023,FI,3659,0.377,99
csv,2023,FR,39608,0.284,109
csv,2023,GR,3347,0.185,120
csv,2023,HR,2295,0.475,95
csv,2023,HU,2440,0.47,91
csv,2023,IE,2700,0.139,108
csv,2023,IS,296,0.361,68
csv,2023,IT,10648,0.271,102
csv,2023,LI,82,0.171,112
csv,2023,LT,3327,0.512,79
csv,2023,LU,1089,0.176,120.5
csv,2023,LV,2274,0.563,77
csv,2023,MK,859,0.187,76
csv,2023,MT,754,0.345,109
csv,2023,NL,4988,0.354,113
csv,2023,NO,4200,0.335,88
csv,2023,PL,24504,0.593,80
csv,2023,PT,3878,0.323,103
csv,2023,RO,7401,0.475,91
csv,2023,SE,7407,0.456,88
csv,2023,SI,1904,0.565,90
csv,2023,SK,1949,0.509,88
csv,2023,UK,68,0.515,102
