type,year,country,procedures,notices,value_raw,value_ok,framework,eu_funds,nuts2,activity,buyer_type,cpv
can,2016,AT,2650,2650,0.575,0.57,0.123,0.017,0.533,0.97,0.988,1
can,2016,BE,3754,3754,0.586,0.58,0.298,0.066,0.481,0.914,0.895,1
can,2016,BG,5728,5728,0.913,0.872,0.035,0.081,0.633,1,1,1
can,2016,CH,3718,3718,0.016,0.014,0.001,0.001,0.001,0.019,1,1
can,2016,CY,396,396,0.909,0.909,0.015,0.068,0.694,0.884,1,1
can,2016,CZ,5753,5753,0.903,0.875,0.12,0.158,0.631,0.994,0.995,1
can,2016,DE,28055,28055,0.601,0.552,0.145,0.025,0.604,0.986,0.987,1
can,2016,DK,2515,2515,0.693,0.625,0.361,0.018,0.521,0.992,0.998,1
can,2016,EE,1119,1119,0.999,0.997,0.335,0.218,0.002,1,1,1
can,2016,ES,10290,10290,0.923,0.918,0.07,0.049,0.392,0.955,0.99,1
can,2016,FI,2769,2769,0.907,0.902,0.143,0.018,0.592,0.894,0.909,1
can,2016,FR,34219,34219,0.668,0.648,0.282,0.019,0.548,0.904,0.893,1
can,2016,GR,3204,3204,0.975,0.971,0.023,0.663,0.559,0.991,0.998,1
can,2016,HR,1521,1521,0.989,0.988,0.335,0.091,0.419,0.999,0.999,1
can,2016,HU,1817,1817,0.874,0.871,0.058,0.085,0.656,1,1,1
can,2016,IE,891,891,0.755,0.681,0.332,0.058,0.196,0.999,0.992,1
can,2016,IS,65,65,0.323,0.323,0.108,0,0.277,1,0.954,1
can,2016,IT,7540,7540,0.853,0.846,0.06,0.026,0.497,0.928,0.981,1
can,2016,LI,4,4,1,1,0,0,0.75,1,1,1
can,2016,LT,2108,2108,1,0.992,0.054,0.107,0.099,1,1,1
can,2016,LU,584,584,0.413,0.409,0.183,0.077,0.142,0.435,0.765,1
can,2016,LV,1391,1391,0.999,0.984,0.193,0.086,0.781,1,1,1
can,2016,MK,759,759,0.713,0.706,0.071,0,0.099,0.974,0.968,1
can,2016,MT,317,317,0.972,0.946,0.041,0.161,0.688,0.196,0.991,1
can,2016,NL,5156,5156,0.387,0.249,0.14,0.008,0.36,0.995,0.992,1
can,2016,NO,2586,2586,0.649,0.643,0.468,0.001,0.363,0.989,0.987,1
can,2016,PL,17409,17409,0.878,0.869,0.016,0.112,0.406,0.996,0.999,1
can,2016,PT,2328,2328,0.902,0.877,0.023,0.03,0.218,0.929,0.993,1
can,2016,RO,3799,3799,1,0.988,0.501,0.046,0.716,0.985,1,1
can,2016,SE,5675,5675,0.176,0.172,0.408,0.009,0.659,0.891,0.992,1
can,2016,SI,1768,1768,0.842,0.841,0.147,0.029,0.238,0.981,0.98,1
can,2016,SK,1145,1145,0.791,0.78,0.314,0.222,0.486,1,1,1
can,2016,UK,16262,16262,0.488,0.479,0.134,0.028,0.648,0.982,0.995,1
can,2017,AT,2515,2515,0.771,0.764,0.107,0.019,0.691,0.984,0.984,1
can,2017,BE,3665,3665,0.702,0.691,0.302,0.079,0.641,0.961,0.946,1
can,2017,BG,8428,8428,0.821,0.781,0.02,0.147,0.904,1,1,1
can,2017,CH,3074,3074,0.703,0.696,0,0.001,0.001,0.855,1,1
can,2017,CY,288,288,0.858,0.858,0.038,0.063,0.965,0.91,1,1
can,2017,CZ,9084,9084,0.834,0.811,0.123,0.241,0.798,0.999,0.999,1
can,2017,DE,32083,32083,0.812,0.639,0.138,0.025,0.781,0.999,0.998,1
can,2017,DK,2692,2692,0.755,0.662,0.356,0.02,0.656,0.996,0.996,1
can,2017,EE,1295,1295,0.935,0.932,0.358,0.266,0.005,0.999,0.998,1
can,2017,ES,12743,12743,0.917,0.908,0.063,0.054,0.506,0.974,0.996,1
can,2017,FI,2915,2915,0.874,0.862,0.192,0.017,0.751,0.995,0.995,1
can,2017,FR,36779,36779,0.865,0.839,0.335,0.025,0.755,0.993,0.991,1
can,2017,GR,1372,1372,0.93,0.926,0.055,0.12,0.402,0.992,0.998,1
can,2017,HR,1577,1577,0.948,0.948,0.368,0.065,0.555,1,1,1
can,2017,HU,2533,2533,0.835,0.833,0.068,0.206,0.918,1,1,1
can,2017,IE,1018,1018,0.81,0.762,0.33,0.087,0.308,1,1,1
can,2017,IS,83,83,0.566,0.554,0.072,0,0.241,0.952,0.952,1
can,2017,IT,7967,7967,0.874,0.864,0.068,0.042,0.626,0.979,0.997,1
can,2017,LI,12,12,1,1,0,0,0.083,1,1,1
can,2017,LT,2074,2074,0.984,0.97,0.05,0.156,0.111,1,0.999,1
can,2017,LU,558,558,0.699,0.681,0.174,0.122,0.247,0.771,0.898,1
can,2017,LV,1728,1728,0.8,0.772,0.187,0.194,0.994,1,1,1
can,2017,MK,629,629,0.647,0.642,0.067,0.005,0.062,0.994,0.971,1
can,2017,MT,691,691,0.577,0.548,0.035,0.129,0.951,0.946,0.999,1
can,2017,NL,5753,5753,0.86,0.535,0.325,0.009,0.383,0.999,0.999,1
can,2017,NO,2652,2652,0.891,0.856,0.312,0.001,0.608,0.998,0.998,1
can,2017,PL,22390,22390,0.891,0.884,0.014,0.188,0.68,0.999,1,1
can,2017,PT,3192,3192,0.956,0.912,0.023,0.077,0.264,0.987,0.997,1
can,2017,RO,4757,4757,1,0.985,0.529,0.047,0.608,0.974,1,1
can,2017,SE,6362,6362,0.637,0.582,0.167,0.005,0.761,0.979,1,1
can,2017,SI,5053,5053,0.967,0.96,0.164,0.023,0.158,1,1,1
can,2017,SK,1415,1415,0.62,0.618,0.331,0.324,0.658,1,1,1
can,2017,UK,17323,17323,0.63,0.513,0.119,0.025,0.77,0.998,0.999,1
can,2018,AT,2793,2793,0.784,0.776,0.136,0.009,0.647,0.971,0.97,1
can,2018,BE,4256,4256,0.809,0.786,0.35,0.045,0.643,1,0.994,1
can,2018,BG,9089,9089,0.815,0.778,0.033,0.068,0.898,1,1,1
can,2018,CH,3067,3067,0.799,0.788,0.001,0.001,0.002,1,1,1
can,2018,CY,365,365,0.888,0.879,0.03,0.038,0.953,0.997,1,1
can,2018,CZ,12462,12462,0.835,0.812,0.111,0.166,0.818,1,1,1
can,2018,DE,36238,36238,0.825,0.616,0.135,0.018,0.8,0.999,0.999,1
can,2018,DK,2837,2837,0.745,0.638,0.383,0.017,0.652,1,0.999,1
can,2018,EE,1416,1416,0.773,0.77,0.374,0.148,0.006,1,1,1
can,2018,ES,14609,14609,0.908,0.896,0.049,0.035,0.57,0.987,0.998,1
can,2018,FI,3145,3145,0.852,0.844,0.2,0.011,0.764,0.995,0.995,1
can,2018,FR,38151,38151,0.878,0.851,0.37,0.013,0.755,0.994,0.992,1
can,2018,GR,2046,2046,0.878,0.876,0.05,0.095,0.455,0.996,0.999,1
can,2018,HR,1874,1874,0.941,0.941,0.366,0.052,0.502,1,1,1
can,2018,HU,3149,3149,0.837,0.836,0.07,0.118,0.912,1,1,1
can,2018,IE,1192,1192,0.824,0.768,0.258,0.058,0.303,1,0.999,1
can,2018,IS,142,142,0.838,0.796,0.106,0,0.296,1,1,1
can,2018,IT,9292,9292,0.86,0.852,0.077,0.024,0.613,0.99,0.998,1
can,2018,LI,11,11,1,1,0,0,0.182,1,1,1
can,2018,LT,2965,2965,0.834,0.833,0.049,0.079,0.056,1,1,1
can,2018,LU,575,575,0.87,0.843,0.16,0.07,0.323,1,1,1
can,2018,LV,2334,2334,0.794,0.762,0.142,0.133,0.994,1,1,1
can,2018,MK,703,703,0.679,0.673,0.067,0.003,0.048,0.997,0.982,1
can,2018,MT,793,793,0.788,0.772,0.032,0.12,0.946,1,1,1
can,2018,NL,6652,6652,0.854,0.505,0.332,0.005,0.363,1,1,1
can,2018,NO,3039,3039,0.872,0.828,0.343,0,0.718,1,1,1
can,2018,PL,27511,27511,0.85,0.843,0.015,0.118,0.699,1,1,1
can,2018,PT,4144,4144,0.954,0.895,0.03,0.05,0.358,0.997,1,1
can,2018,RO,5988,5988,0.965,0.92,0.289,0.043,0.467,0.998,0.992,1
can,2018,SE,7348,7348,0.797,0.715,0.057,0.003,0.766,1,1,1
can,2018,SI,5742,5742,0.959,0.875,0.078,0.014,0.206,1,1,1
can,2018,SK,1904,1904,0.704,0.698,0.39,0.18,0.7,1,1,1
can,2018,UK,21107,21107,0.944,0.642,0.1,0.011,0.811,1,1,1
can,2019,AT,3360,3360,0.813,0.802,0.12,0.015,0.709,1,1,1
can,2019,BE,4807,4807,0.786,0.76,0.357,0.084,0.682,0.999,0.998,1
can,2019,BG,9972,9972,0.826,0.796,0.038,0.141,0.901,1,1,1
can,2019,CH,3403,3403,0.798,0.781,0.001,0.001,0.001,1,1,1
can,2019,CY,369,369,0.843,0.84,0.043,0.141,0.951,0.995,1,1
can,2019,CZ,12831,12831,0.834,0.809,0.142,0.266,0.804,0.999,0.999,1
can,2019,DE,45174,45174,0.843,0.594,0.136,0.05,0.868,1,1,1
can,2019,DK,3203,3203,0.758,0.679,0.371,0.026,0.68,1,1,1
can,2019,EE,1694,1694,0.796,0.779,0.437,0.265,0.006,1,1,1
can,2019,ES,17884,17884,0.899,0.874,0.044,0.065,0.845,0.999,0.999,1
can,2019,FI,3797,3797,0.851,0.839,0.23,0.013,0.729,0.994,0.994,1
can,2019,FR,39167,39167,0.907,0.882,0.394,0.029,0.826,0.999,0.999,1
can,2019,GR,2978,2978,0.873,0.864,0.044,0.229,0.804,1,1,1
can,2019,HR,2559,2559,0.921,0.92,0.346,0.2,0.53,1,1,1
can,2019,HU,3309,3309,0.84,0.839,0.066,0.204,0.891,1,1,1
can,2019,IE,1306,1306,0.779,0.732,0.3,0.062,0.306,1,1,1
can,2019,IS,164,164,0.829,0.762,0.116,0,0.317,1,1,1
can,2019,IT,10197,10197,0.877,0.87,0.086,0.052,0.858,1,1,1
can,2019,LI,31,31,1,1,0.065,0,0.71,1,1,1
can,2019,LT,3816,3816,0.821,0.817,0.07,0.194,0.057,0.999,0.998,1
can,2019,LU,683,683,0.851,0.801,0.143,0.152,0.426,0.999,0.999,1
can,2019,LV,2758,2758,0.801,0.779,0.142,0.278,0.991,1,1,1
can,2019,MK,636,636,0.86,0.847,0.05,0.009,0.22,1,1,1
can,2019,MT,698,698,0.765,0.754,0.036,0.299,0.895,1,1,1
can,2019,NL,6751,6751,0.864,0.476,0.335,0.007,0.31,0.999,0.999,1
can,2019,NO,3217,3217,0.837,0.793,0.305,0,0.781,1,1,1
can,2019,PL,27978,27978,0.823,0.818,0.014,0.209,0.745,1,1,1
can,2019,PT,4084,4084,0.932,0.894,0.024,0.103,0.768,1,1,1
can,2019,RO,10794,10794,0.924,0.871,0.005,0.078,0.959,1,0.995,1
can,2019,SE,7783,7783,0.809,0.728,0.057,0.005,0.801,1,1,1
can,2019,SI,6669,6669,0.95,0.851,0.076,0.045,0.193,1,1,1
can,2019,SK,1902,1902,0.73,0.729,0.321,0.323,0.697,1,1,1
can,2019,UK,20983,20983,0.939,0.675,0.114,0.028,0.803,1,1,1
can,2020,AT,3840,3840,0.835,0.82,0.122,0.026,0.723,1,1,1
can,2020,BE,4472,4472,0.801,0.778,0.366,0.091,0.676,0.998,0.995,1
can,2020,BG,9486,9486,0.831,0.796,0.06,0.145,0.864,1,1,1
can,2020,CH,3004,3004,0.799,0.786,0,0,0.001,1,1,1
can,2020,CY,311,311,0.875,0.852,0.035,0.122,0.955,1,1,1
can,2020,CZ,13258,13258,0.863,0.836,0.169,0.211,0.791,1,1,1
can,2020,DE,50012,50012,0.864,0.579,0.134,0.051,0.875,1,1,1
can,2020,DK,3092,3092,0.778,0.738,0.31,0.02,0.697,1,1,1
can,2020,EE,1848,1848,0.812,0.797,0.429,0.275,0.005,1,1,1
can,2020,ES,18583,18583,0.888,0.863,0.033,0.085,0.863,0.997,0.997,1
can,2020,FI,4215,4215,0.844,0.833,0.224,0.016,0.719,1,1,1
can,2020,FR,33678,33678,0.896,0.87,0.411,0.031,0.831,0.998,0.998,1
can,2020,GR,3037,3037,0.866,0.862,0.048,0.235,0.814,1,1,1
can,2020,HR,2592,2592,0.907,0.905,0.285,0.237,0.571,1,1,1
can,2020,HU,3619,3619,0.857,0.855,0.072,0.182,0.88,1,1,1
can,2020,IE,1343,1343,0.8,0.763,0.345,0.058,0.268,1,1,1
can,2020,IS,203,203,0.798,0.729,0.039,0,0.266,1,1,1
can,2020,IT,9907,9907,0.891,0.887,0.105,0.052,0.87,1,1,1
can,2020,LI,47,47,0.915,0.915,0.021,0.043,0.638,1,1,1
can,2020,LT,4670,4670,0.779,0.771,0.072,0.17,0.038,0.999,0.999,1
can,2020,LU,773,773,0.871,0.853,0.145,0.169,0.457,1,1,1
can,2020,LV,2920,2920,0.817,0.793,0.157,0.228,0.994,1,1,1
can,2020,MK,298,298,0.742,0.735,0.087,0.013,0.245,1,1,1
can,2020,MT,400,400,0.733,0.728,0.088,0.183,0.915,1,1,1
can,2020,NL,6988,6988,0.889,0.515,0.305,0.009,0.287,1,1,1
can,2020,NO,3410,3410,0.839,0.797,0.325,0.001,0.79,0.999,1,1
can,2020,PL,28440,28440,0.856,0.849,0.011,0.19,0.754,1,1,1
can,2020,PT,3174,3174,0.904,0.885,0.025,0.124,0.61,1,1,1
can,2020,RO,16120,16120,0.952,0.893,0.001,0.085,0.941,1,0.989,1
can,2020,SE,7734,7734,0.8,0.737,0.065,0.006,0.84,1,1,1
can,2020,SI,7039,7039,0.952,0.883,0.084,0.046,0.147,1,1,1
can,2020,SK,1940,1940,0.702,0.695,0.266,0.297,0.69,1,1,1
can,2020,UK,17676,17676,0.936,0.692,0.1,0.03,0.754,1,1,1
can,2021,AT,3929,3929,0.828,0.806,0.184,0.023,0.72,1,1,1
can,2021,BE,4448,4448,0.822,0.792,0.379,0.118,0.658,0.999,0.998,1
can,2021,BG,11927,11927,0.823,0.744,0.058,0.114,0.77,1,1,1
can,2021,CH,3218,3218,0.795,0.778,0,0.001,0.001,1,1,1
can,2021,CY,378,378,0.91,0.902,0.024,0.132,0.974,1,1,1
can,2021,CZ,15440,15440,0.873,0.843,0.189,0.19,0.78,1,1,1
can,2021,DE,52008,52008,0.86,0.553,0.147,0.051,0.883,1,1,1
can,2021,DK,2987,2987,0.747,0.718,0.354,0.012,0.683,0.999,0.999,1
can,2021,EE,2250,2250,0.811,0.792,0.406,0.253,0.012,1,1,1
can,2021,ES,22151,22151,0.916,0.891,0.034,0.091,0.883,1,1,1
can,2021,FI,4476,4476,0.857,0.822,0.188,0.021,0.674,1,1,1
can,2021,FR,37224,37224,0.913,0.889,0.438,0.029,0.837,0.999,0.999,1
can,2021,GR,3618,3618,0.904,0.891,0.037,0.311,0.834,1,1,1
can,2021,HR,2869,2869,0.924,0.923,0.3,0.247,0.551,1,1,1
can,2021,HU,4199,4199,0.845,0.841,0.099,0.197,0.881,1,1,1
can,2021,IE,1583,1583,0.802,0.761,0.324,0.056,0.236,1,1,1
can,2021,IS,219,219,0.804,0.699,0.037,0.009,0.333,1,1,1
can,2021,IT,11959,11959,0.909,0.905,0.108,0.056,0.887,1,1,1
can,2021,LI,27,27,0.741,0.704,0,0,0.407,1,1,1
can,2021,LT,5103,5103,0.773,0.763,0.078,0.179,0.043,0.999,0.999,1
can,2021,LU,858,858,0.893,0.866,0.118,0.129,0.406,1,1,1
can,2021,LV,3671,3671,0.842,0.81,0.14,0.193,0.989,1,1,1
can,2021,MK,286,286,0.752,0.738,0.066,0.052,0.259,1,1,1
can,2021,MT,557,557,0.763,0.759,0.088,0.154,0.926,1,1,1
can,2021,NL,8002,8002,0.864,0.493,0.318,0.013,0.256,1,1,1
can,2021,NO,3908,3908,0.854,0.797,0.273,0.001,0.786,1,1,1
can,2021,PL,30701,30701,0.854,0.845,0.012,0.173,0.764,1,1,1
can,2021,PT,3377,3377,0.907,0.882,0.03,0.137,0.691,1,1,1
can,2021,RO,19464,19464,0.956,0.892,0.002,0.107,0.937,1,0.988,1
can,2021,SE,9155,9155,0.817,0.773,0.136,0.006,0.858,1,1,1
can,2021,SI,7501,7501,0.947,0.889,0.096,0.066,0.125,1,1,1
can,2021,SK,2179,2179,0.744,0.738,0.25,0.348,0.687,1,1,1
can,2021,UK,6842,6842,0.923,0.729,0.132,0.044,0.727,1,1,1
can,2022,AT,4327,4327,0.787,0.762,0.189,0.034,0.722,1,1,1
can,2022,BE,4447,4447,0.818,0.794,0.39,0.121,0.676,0.999,0.994,1
can,2022,BG,12693,12693,0.801,0.754,0.031,0.116,0.794,1,1,1
can,2022,CH,2986,2986,0.775,0.757,0,0,0.001,1,1,1
can,2022,CY,526,526,0.901,0.888,0.029,0.093,0.985,1,1,1
can,2022,CZ,17717,17717,0.862,0.835,0.191,0.21,0.798,1,1,1
can,2022,DE,53695,53695,0.842,0.53,0.146,0.04,0.883,1,1,1
can,2022,DK,3192,3192,0.758,0.729,0.326,0.016,0.636,1,1,1
can,2022,EE,2586,2586,0.79,0.775,0.367,0.217,0.01,1,1,1
can,2022,ES,24958,24958,0.901,0.875,0.04,0.127,0.895,0.999,0.999,1
can,2022,FI,5068,5068,0.841,0.786,0.195,0.018,0.622,1,1,1
can,2022,FR,37356,37356,0.913,0.898,0.444,0.03,0.84,0.999,0.999,1
can,2022,GR,4269,4269,0.901,0.889,0.049,0.364,0.848,1,1,1
can,2022,HR,3190,3190,0.905,0.903,0.316,0.209,0.562,1,1,1
can,2022,HU,4772,4772,0.813,0.811,0.09,0.212,0.871,1,1,1
can,2022,IE,1590,1590,0.801,0.762,0.298,0.053,0.291,1,1,1
can,2022,IS,194,194,0.871,0.778,0.052,0,0.247,1,1,1
can,2022,IT,11066,11066,0.887,0.883,0.119,0.064,0.894,1,1,1
can,2022,LI,55,55,0.945,0.945,0.018,0.018,0.127,1,1,1
can,2022,LT,5567,5567,0.78,0.772,0.081,0.152,0.043,0.999,0.999,1
can,2022,LU,800,800,0.886,0.874,0.114,0.104,0.316,1,1,1
can,2022,LV,4520,4520,0.821,0.798,0.131,0.16,0.993,1,1,1
can,2022,MK,332,332,0.732,0.717,0.03,0.06,0.241,1,1,1
can,2022,MT,759,759,0.729,0.717,0.113,0.161,0.949,1,1,1
can,2022,NL,8261,8261,0.892,0.499,0.309,0.008,0.25,1,1,1
can,2022,NO,4024,4024,0.851,0.79,0.288,0,0.809,1,1,1
can,2022,PL,37765,37765,0.819,0.813,0.013,0.136,0.771,1,1,1
can,2022,PT,3245,3245,0.92,0.908,0.033,0.191,0.705,1,1,1
can,2022,RO,23357,23357,0.939,0.874,0.001,0.11,0.962,1,0.994,1
can,2022,SE,9401,9401,0.83,0.793,0.157,0.005,0.867,1,1,1
can,2022,SI,3495,3495,0.878,0.866,0.177,0.111,0.125,1,1,1
can,2022,SK,3180,3180,0.777,0.769,0.247,0.35,0.668,1,1,1
can,2022,UK,1969,1969,0.933,0.904,0.065,0.122,0.827,1,1,1
can,2023,AT,4912,4924,0.819,0.792,0.159,0.015,0.721,1,0.996,1
can,2023,BE,4518,4531,0.761,0.728,0.395,0.09,0.74,0.999,0.996,1
can,2023,BG,14406,14406,0.837,0.785,0.023,0.108,0.803,1,1,1
can,2023,CH,3216,3281,0.807,0.795,0,0.001,0.308,1,0.949,1
can,2023,CY,662,662,0.873,0.864,0.011,0.088,0.988,1,1,1
can,2023,CZ,19587,19587,0.881,0.862,0.151,0.153,0.79,1,1,1
can,2023,DE,56068,56252,0.803,0.511,0.123,0.027,0.9,1,0.991,1
can,2023,DK,3317,3319,0.757,0.733,0.22,0.014,0.648,0.996,0.993,1
can,2023,EE,1665,1935,0.832,0.811,0.266,0.155,0.004,1,0.92,1
can,2023,ES,26382,26696,0.916,0.89,0.032,0.127,0.885,1,1,1
can,2023,FI,5537,5542,0.844,0.777,0.146,0.021,0.521,0.99,0.985,1
can,2023,FR,39398,39398,0.903,0.891,0.333,0.023,0.845,1,1,1
can,2023,GR,4522,4522,0.882,0.876,0.028,0.256,0.851,1,1,1
can,2023,HR,3446,3446,0.921,0.917,0.184,0.159,0.583,1,1,1
can,2023,HU,4452,4453,0.879,0.873,0.101,0.177,0.898,1,0.99,1
can,2023,IE,2107,2109,0.836,0.81,0.214,0.036,0.222,1,1,1
can,2023,IS,289,289,0.817,0.751,0.007,0.003,0.343,1,1,1
can,2023,IT,13092,13095,0.908,0.903,0.083,0.095,0.889,1,0.999,1
can,2023,LI,77,77,0.987,0.961,0,0,0.065,1,1,1
can,2023,LT,6312,6315,0.81,0.804,0.051,0.109,0.043,0.999,0.998,1
can,2023,LU,880,880,0.906,0.891,0.076,0.056,0.307,1,1,1
can,2023,LV,5193,5327,0.829,0.803,0.097,0.142,0.969,1,1,1
can,2023,MK,333,333,0.64,0.634,0.018,0.039,0.228,1,1,1
can,2023,MT,845,845,0.786,0.78,0.098,0.108,0.897,1,0.996,1
can,2023,NL,8391,8391,0.908,0.608,0.285,0.006,0.3,0.999,0.999,1
can,2023,NO,3842,3842,0.847,0.82,0.203,0.001,0.832,0.999,0.998,1
can,2023,PL,40948,41010,0.841,0.836,0.01,0.094,0.774,1,0.999,1
can,2023,PT,4256,4256,0.931,0.918,0.016,0.139,0.717,1,1,1
can,2023,RO,24627,24736,0.899,0.846,0.021,0.106,0.969,1,0.994,1
can,2023,SE,10133,10154,0.832,0.803,0.127,0.004,0.854,1,0.999,1
can,2023,SI,3256,3256,0.865,0.863,0.142,0.07,0.119,1,0.999,1
can,2023,SK,3527,3688,0.806,0.797,0.26,0.317,0.723,1,1,1
can,2023,UK,1777,1777,0.968,0.948,0.025,0.054,0.868,1,1,1
can,2024,AT,5272,5579,0.912,0.842,0.215,0.016,0.694,0.998,0.948,1
can,2024,BE,5314,5465,0.588,0.559,0.432,0.1,0.865,0.997,0.991,1
can,2024,BG,11923,15891,0.982,0.93,0.11,0.101,0.55,0.999,0.999,1
can,2024,CH,3858,4084,0.913,0.887,0,0,0.915,1,0.821,1
can,2024,CY,774,778,0.972,0.924,0.008,0.109,0.994,0.947,0.959,1
can,2024,CZ,15470,22082,0.967,0.936,0.306,0.163,0.822,0.997,1,1
can,2024,DE,56220,57840,0.487,0.377,0.13,0.03,0.975,0.999,0.935,1
can,2024,DK,3251,3360,0.923,0.885,0.292,0.019,0.768,0.978,0.913,1
can,2024,EE,2311,3549,0.871,0.844,0.335,0.179,0.939,1,0.994,1
can,2024,ES,22090,25775,0.969,0.941,0.072,0.12,0.914,0.999,0.993,1
can,2024,FI,5292,5371,0.898,0.848,0.162,0.03,0.637,0.949,0.918,1
can,2024,FR,32186,32700,0.832,0.822,0.518,0.034,0.336,0.998,0.966,1
can,2024,GR,2387,2847,0.973,0.969,0.026,0.254,0.921,0.997,0.974,1
can,2024,HR,3082,3853,0.993,0.971,0.259,0.129,0.772,1,1,1
can,2024,HU,3611,4194,0.882,0.877,0.093,0.128,0.842,0.998,0.954,1
can,2024,IE,2893,2906,0.938,0.91,0.215,0.058,0.294,0.98,0.996,1
can,2024,IS,174,176,0.875,0.767,0.148,0.006,0.653,1,0.966,1
can,2024,IT,7854,8148,0.964,0.955,0.134,0.14,0.662,0.996,0.908,1
can,2024,LI,65,65,0.969,0.969,0,0,0.938,1,1,1
can,2024,LT,6165,6862,0.88,0.857,0.047,0.09,0.672,0.986,0.874,1
can,2024,LU,521,543,0.924,0.919,0.092,0.166,0.309,1,1,1
can,2024,LV,3609,5509,0.843,0.804,0.109,0.15,0.842,1,1,1
can,2024,MK,93,100,0.27,0.27,0.04,0.13,0.7,0.98,0.99,1
can,2024,MT,910,915,0.988,0.977,0.148,0.093,0.234,0.988,0.933,1
can,2024,NL,8287,8356,0.971,0.699,0.322,0.01,0.434,0.991,0.981,1
can,2024,NO,3139,3185,0.9,0.872,0.475,0.002,0.759,0.975,0.931,1
can,2024,PL,35189,41478,0.892,0.886,0.012,0.053,0.897,0.995,0.957,1
can,2024,PT,4616,4851,0.895,0.883,0.091,0.199,0.673,0.996,0.982,1
can,2024,RO,12966,25520,0.901,0.892,0.716,0.16,0.998,1,0.985,1
can,2024,SE,8242,8811,0.975,0.957,0.489,0.008,0.838,0.99,0.976,1
can,2024,SI,3225,3730,0.952,0.933,0.225,0.094,0.937,1,0.933,1
can,2024,SK,2502,4109,0.844,0.812,0.358,0.1,0.886,1,1,1
can,2024,UK,82,84,0.905,0.857,0.179,0.25,0.821,1,1,1
can,2025,AT,5237,5639,0.933,0.906,0.247,0.03,0.712,0.998,0.932,1
can,2025,BE,5750,5962,0.843,0.812,0.475,0.138,0.87,0.996,0.983,1
can,2025,BG,12586,17451,0.999,0.933,0.136,0.189,0.865,1,1,1
can,2025,CH,4264,5236,0.939,0.918,0,0,0.641,1,0.813,1
can,2025,CY,1068,1071,0.986,0.951,0.012,0.145,0.998,0.942,0.935,1
can,2025,CZ,16049,27542,0.983,0.956,0.367,0.201,0.802,0.997,1,1
can,2025,DE,58570,60800,0.697,0.525,0.136,0.035,0.974,0.998,0.931,1
can,2025,DK,3401,3678,0.939,0.905,0.332,0.024,0.777,0.973,0.903,1
can,2025,EE,2512,4008,0.878,0.857,0.322,0.169,0.937,1,1,1
can,2025,ES,26127,30264,0.973,0.942,0.107,0.137,0.976,0.995,0.991,1
can,2025,FI,5240,5581,0.906,0.855,0.172,0.029,0.713,0.949,0.92,1
can,2025,FR,33293,33770,0.924,0.912,0.569,0.036,0.488,0.996,0.964,1
can,2025,GR,2679,3681,0.993,0.985,0.049,0.354,0.986,0.995,0.967,1
can,2025,HR,3491,5923,0.999,0.975,0.54,0.112,0.947,1,1,1
can,2025,HU,3661,4422,0.876,0.872,0.239,0.137,0.918,0.995,0.966,1
can,2025,IE,4265,4282,0.981,0.956,0.215,0.053,0.675,0.986,0.994,1
can,2025,IS,182,189,0.878,0.825,0.101,0.032,0.905,0.989,0.921,1
can,2025,IT,13200,13939,0.994,0.984,0.166,0.093,0.764,0.994,0.93,1
can,2025,LI,45,45,0.933,0.933,0,0,0.933,1,1,1
can,2025,LT,7285,7303,0.958,0.853,0.035,0.171,0.852,0.989,0.997,1
can,2025,LU,690,735,0.971,0.954,0.201,0.245,0.725,0.993,0.993,1
can,2025,LV,4454,6674,0.844,0.827,0.094,0.283,0.968,0.998,1,1
can,2025,MK,107,118,0.212,0.212,0.042,0.288,0.737,0.992,1,1
can,2025,MT,1069,1071,0.999,0.984,0.178,0.125,0.993,0.988,0.915,1
can,2025,NL,8694,8823,0.947,0.785,0.349,0.02,0.441,0.988,0.974,1
can,2025,NO,3274,3357,0.895,0.878,0.471,0.001,0.806,0.968,0.925,1
can,2025,PL,38725,47469,0.893,0.88,0.013,0.126,0.963,0.994,0.949,1
can,2025,PT,5994,6558,0.932,0.907,0.108,0.261,0.647,0.993,0.984,1
can,2025,RO,12806,24476,0.934,0.93,0.733,0.167,0.999,1,0.996,1
can,2025,SE,8449,8936,0.998,0.979,0.478,0.013,0.877,0.995,0.983,1
can,2025,SI,3650,4306,0.912,0.902,0.207,0.136,0.961,1,0.947,1
can,2025,SK,2540,4640,0.968,0.934,0.338,0.218,0.839,0.999,1,1
can,2025,UK,127,129,0.984,0.961,0.078,0.915,0.171,0.907,0.822,1
can,2026,AT,3707,4123,0.944,0.929,0.245,0.035,0.702,0.999,0.921,1
can,2026,BE,4477,4562,0.896,0.861,0.508,0.122,0.88,0.995,0.986,1
can,2026,BG,8644,11637,0.936,0.886,0.136,0.198,0.955,1,1,1
can,2026,CH,3397,4221,0.834,0.823,0,0,0.637,1,0.797,1
can,2026,CY,637,637,0.98,0.973,0.008,0.157,0.998,0.956,0.95,1
can,2026,CZ,11863,20635,0.91,0.885,0.368,0.194,0.796,0.997,1,1
can,2026,DE,44308,45327,0.705,0.537,0.149,0.043,0.965,0.998,0.934,1
can,2026,DK,2282,2429,0.852,0.823,0.331,0.021,0.833,0.976,0.92,1
can,2026,EE,1795,3049,0.893,0.866,0.329,0.147,0.943,1,1,1
can,2026,ES,19568,22619,0.969,0.935,0.108,0.113,0.982,0.984,0.982,1
can,2026,FI,4289,4770,0.905,0.875,0.218,0.023,0.714,0.964,0.94,1
can,2026,FR,22921,23210,0.959,0.942,0.593,0.038,0.573,0.996,0.969,1
can,2026,GR,2092,2897,0.988,0.965,0.028,0.314,0.98,0.996,0.967,1
can,2026,HR,3597,6150,0.999,0.979,0.593,0.101,0.944,1,1,1
can,2026,HU,3031,3644,0.811,0.808,0.239,0.147,0.936,0.995,0.973,1
can,2026,IE,3734,3767,0.996,0.955,0.203,0.058,0.879,0.988,0.993,1
can,2026,IS,180,188,0.606,0.59,0.138,0.053,0.926,0.979,0.846,1
can,2026,IT,11421,13528,0.996,0.982,0.175,0.072,0.813,0.997,0.955,1
can,2026,LI,59,59,0.881,0.881,0,0,0.881,1,1,1
can,2026,LT,6488,6490,0.955,0.867,0.026,0.17,0.802,0.991,0.996,1
can,2026,LU,582,599,0.952,0.896,0.135,0.165,0.957,0.992,0.992,1
can,2026,LV,3524,5271,0.857,0.838,0.091,0.289,0.921,0.996,1,1
can,2026,MK,47,50,0.22,0.22,0.02,0.28,0.8,1,1,1
can,2026,MT,706,706,0.999,0.99,0.153,0.14,0.992,0.972,0.919,1
can,2026,NL,6811,6875,0.953,0.802,0.352,0.013,0.421,0.988,0.97,1
can,2026,NO,2470,2527,0.814,0.797,0.468,0.003,0.826,0.975,0.944,1
can,2026,PL,31279,37807,0.813,0.803,0.017,0.226,0.972,0.993,0.952,1
can,2026,PT,5170,5496,0.978,0.954,0.086,0.257,0.746,0.991,0.968,1
can,2026,RO,9800,17940,0.9,0.895,0.753,0.154,1,0.999,0.997,1
can,2026,SE,6770,6855,0.913,0.887,0.489,0.01,0.87,0.994,0.985,1
can,2026,SI,2804,3820,0.913,0.896,0.175,0.128,0.951,1,0.971,1
can,2026,SK,1922,3617,0.99,0.961,0.343,0.209,0.793,0.998,1,1
can,2026,UK,66,66,0.939,0.894,0.03,0.136,0.015,1,0.985,1
cn,2016,AT,3178,3178,0.181,0.167,0.128,0.016,0.544,0.982,0.994,1
cn,2016,BE,5690,5690,0.235,0.228,0.263,0.058,0.536,0.906,0.888,1
cn,2016,BG,3686,3686,0.988,0.97,0.031,0.151,0.7,1,1,1
cn,2016,CH,4418,4418,0.001,0.001,0,0.001,0,0.283,1,1
cn,2016,CY,339,339,0.853,0.844,0.053,0.086,0.737,0.835,1,1
cn,2016,CZ,4602,4602,0.884,0.883,0.184,0.257,0.63,0.994,0.996,1
cn,2016,DE,31434,31434,0.245,0.222,0.14,0.024,0.631,0.992,0.995,1
cn,2016,DK,2205,2205,0.654,0.625,0.355,0.016,0.688,0.999,0.999,1
cn,2016,EE,964,964,0.446,0.443,0.342,0.212,0.002,0.999,0.999,1
cn,2016,ES,10787,10787,0.892,0.892,0.066,0.043,0.468,0.968,0.991,1
cn,2016,FI,3620,3620,0.62,0.607,0.17,0.012,0.564,0.858,0.871,1
cn,2016,FR,40295,40295,0.398,0.377,0.423,0.022,0.611,0.98,0.966,1
cn,2016,GR,1609,1609,0.903,0.901,0.112,0.074,0.453,0.989,0.997,1
cn,2016,HR,1635,1635,0.999,0.999,0.379,0.079,0.466,0.999,1,1
cn,2016,HU,1856,1856,0.727,0.343,0.07,0.147,0.888,1,1,1
cn,2016,IE,1463,1463,0.788,0.731,0.32,0.055,0.206,0.995,0.988,1
cn,2016,IS,150,150,0.06,0.06,0.127,0,0.193,0.94,0.953,1
cn,2016,IT,8423,8423,0.789,0.787,0.071,0.028,0.593,0.938,0.979,1
cn,2016,LI,9,9,0.444,0.444,0,0,0.222,1,1,1
cn,2016,LT,2220,2220,0.091,0.088,0.051,0.123,0.125,1,1,1
cn,2016,LU,672,672,0.199,0.198,0.146,0.077,0.223,0.485,0.738,1
cn,2016,LV,1124,1124,0.275,0.275,0.22,0.125,0.78,1,1,1
cn,2016,MK,1738,1738,0.591,0.59,0.052,0,0.084,0.976,0.965,1
cn,2016,MT,494,494,0.049,0.045,0.026,0.148,0.706,0.466,0.998,1
cn,2016,NL,4683,4683,0.152,0.149,0.364,0.01,0.333,0.999,0.966,1
cn,2016,NO,4412,4412,0.546,0.542,0.444,0.002,0.35,0.986,0.988,1
cn,2016,PL,18074,18074,0.389,0.384,0.01,0.18,0.501,0.996,0.999,1
cn,2016,PT,1711,1711,0.745,0.711,0.052,0.069,0.562,0.86,0.992,1
cn,2016,RO,3582,3582,1,0.983,0.6,0.059,0.702,1,0.988,1
cn,2016,SE,7432,7432,0.118,0.115,0.402,0.003,0.634,0.887,0.986,1
cn,2016,SI,1353,1353,0.239,0.238,0.167,0.039,0.239,0.979,0.985,1
cn,2016,SK,1173,1173,0.99,0.99,0.351,0.408,0.654,1,1,1
cn,2016,UK,10920,10920,0.742,0.725,0.267,0.055,0.488,0.99,0.991,1
cn,2017,AT,3263,3263,0.13,0.128,0.114,0.017,0.671,0.991,1,1
cn,2017,BE,5955,5955,0.19,0.186,0.299,0.061,0.657,0.937,0.935,1
cn,2017,BG,4522,4522,0.994,0.979,0.023,0.211,0.919,1,1,1
cn,2017,CH,4411,4411,0,0,0,0,0,0.998,1,1
cn,2017,CY,368,368,0.867,0.864,0.049,0.09,0.957,0.899,1,1
cn,2017,CZ,5609,5609,0.921,0.92,0.153,0.346,0.888,1,1,1
cn,2017,DE,37311,37311,0.211,0.189,0.134,0.031,0.839,0.999,0.999,1
cn,2017,DK,2717,2717,0.57,0.546,0.34,0.016,0.71,1,1,1
cn,2017,EE,1134,1134,0.444,0.442,0.344,0.298,0.006,0.999,0.998,1
cn,2017,ES,13177,13177,0.91,0.909,0.057,0.057,0.61,0.987,0.998,1
cn,2017,FI,3786,3786,0.479,0.468,0.225,0.016,0.759,0.998,0.996,1
cn,2017,FR,44532,44532,0.4,0.388,0.447,0.029,0.805,0.999,0.999,1
cn,2017,GR,2035,2035,0.943,0.942,0.086,0.116,0.494,0.993,0.997,1
cn,2017,HR,1461,1461,0.993,0.993,0.363,0.099,0.579,1,1,1
cn,2017,HU,2574,2574,0.561,0.235,0.084,0.219,0.919,1,1,1
cn,2017,IE,1588,1588,0.856,0.771,0.27,0.096,0.283,1,1,1
cn,2017,IS,183,183,0.137,0.131,0.164,0,0.317,1,1,1
cn,2017,IT,9968,9968,0.882,0.88,0.076,0.038,0.686,0.985,0.996,1
cn,2017,LI,12,12,1,1,0,0,0,1,1,1
cn,2017,LT,2539,2539,0.148,0.147,0.063,0.153,0.125,0.999,0.999,1
cn,2017,LU,750,750,0.245,0.245,0.119,0.097,0.289,0.756,0.885,1
cn,2017,LV,1332,1332,0.366,0.366,0.181,0.276,0.99,1,1,1
cn,2017,MK,1632,1632,0.561,0.558,0.064,0.006,0.062,0.977,0.964,1
cn,2017,MT,500,500,0.138,0.136,0.036,0.212,0.95,0.948,0.994,1
cn,2017,NL,5143,5143,0.177,0.162,0.417,0.01,0.366,1,1,1
cn,2017,NO,4321,4321,0.537,0.53,0.374,0.001,0.663,0.999,0.999,1
cn,2017,PL,22387,22387,0.315,0.313,0.009,0.221,0.697,0.999,1,1
cn,2017,PT,2321,2321,0.918,0.872,0.041,0.209,0.789,0.992,1,1
cn,2017,RO,5221,5221,1,0.985,0.591,0.075,0.644,1,0.991,1
cn,2017,SE,8428,8428,0.235,0.234,0.097,0.005,0.788,1,1,1
cn,2017,SI,1574,1574,0.203,0.203,0.266,0.071,0.216,0.999,0.999,1
cn,2017,SK,1658,1658,0.987,0.987,0.316,0.46,0.729,1,1,1
cn,2017,UK,10774,10774,0.733,0.719,0.239,0.046,0.633,0.999,0.999,1
cn,2018,AT,3101,3101,0.109,0.108,0.124,0.009,0.676,0.997,1,1
cn,2018,BE,5665,5665,0.204,0.202,0.333,0.032,0.673,0.999,0.999,1
cn,2018,BG,5140,5140,0.997,0.989,0.021,0.11,0.916,1,1,1
cn,2018,CH,4759,4759,0.001,0.001,0,0,0.002,1,1,1
cn,2018,CY,379,379,0.916,0.908,0.034,0.058,0.945,0.995,1,1
cn,2018,CZ,7210,7210,0.911,0.91,0.136,0.268,0.902,1,1,1
cn,2018,DE,41448,41448,0.209,0.185,0.129,0.021,0.852,1,1,1
cn,2018,DK,2710,2710,0.62,0.592,0.386,0.009,0.697,1,1,1
cn,2018,EE,1332,1332,0.361,0.36,0.408,0.169,0.006,1,1,1
cn,2018,ES,13196,13196,0.925,0.925,0.059,0.03,0.645,0.994,0.998,1
cn,2018,FI,4302,4302,0.387,0.383,0.238,0.005,0.74,0.998,0.998,1
cn,2018,FR,44549,44549,0.369,0.363,0.472,0.016,0.803,0.999,1,1
cn,2018,GR,2831,2831,0.941,0.94,0.064,0.1,0.452,0.994,0.999,1
cn,2018,HR,1983,1983,0.997,0.997,0.365,0.066,0.543,1,1,1
cn,2018,HU,2764,2764,0.355,0.151,0.076,0.15,0.895,1,1,1
cn,2018,IE,1613,1613,0.812,0.745,0.263,0.043,0.288,1,1,1
cn,2018,IS,155,155,0.065,0.065,0.123,0,0.387,1,1,1
cn,2018,IT,10755,10755,0.891,0.889,0.074,0.027,0.646,0.987,0.998,1
cn,2018,LI,14,14,0.857,0.857,0,0,0.071,1,1,1
cn,2018,LT,3356,3356,0.283,0.283,0.052,0.081,0.055,0.999,0.998,1
cn,2018,LU,793,793,0.267,0.267,0.108,0.038,0.424,1,1,1
cn,2018,LV,1615,1615,0.436,0.435,0.175,0.167,0.989,1,1,1
cn,2018,MK,1968,1968,0.582,0.58,0.063,0.005,0.047,0.989,0.973,1
cn,2018,MT,804,804,0.076,0.076,0.031,0.234,0.949,1,1,1
cn,2018,NL,5891,5891,0.264,0.232,0.377,0.004,0.39,1,1,1
cn,2018,NO,4617,4617,0.484,0.477,0.343,0,0.751,1,0.999,1
cn,2018,PL,24723,24723,0.265,0.264,0.01,0.153,0.714,1,1,1
cn,2018,PT,2544,2544,0.812,0.798,0.032,0.068,0.763,0.998,1,1
cn,2018,RO,5483,5483,0.791,0.782,0.573,0.043,0.639,1,0.99,1
cn,2018,SE,8544,8544,0.221,0.22,0.085,0.002,0.796,1,1,1
cn,2018,SI,1537,1537,0.202,0.202,0.237,0.045,0.195,1,0.999,1
cn,2018,SK,1750,1750,0.996,0.996,0.398,0.222,0.719,1,1,1
cn,2018,UK,10909,10909,0.722,0.709,0.233,0.023,0.616,1,1,1
cn,2019,AT,3454,3454,0.183,0.177,0.115,0.026,0.717,1,1,1
cn,2019,BE,6002,6002,0.188,0.187,0.338,0.065,0.694,1,0.999,1
cn,2019,BG,4961,4961,0.998,0.989,0.029,0.216,0.911,1,1,1
cn,2019,CH,4878,4878,0,0,0,0,0,1,1,1
cn,2019,CY,352,352,0.889,0.875,0.043,0.139,0.957,1,1,1
cn,2019,CZ,6980,6980,0.89,0.886,0.162,0.31,0.89,1,1,1
cn,2019,DE,46899,46899,0.2,0.178,0.135,0.045,0.891,1,1,1
cn,2019,DK,2863,2863,0.644,0.625,0.38,0.017,0.706,1,1,1
cn,2019,EE,1320,1320,0.309,0.309,0.446,0.256,0.005,1,1,1
cn,2019,ES,15911,15911,0.962,0.961,0.049,0.059,0.898,1,1,1
cn,2019,FI,4526,4526,0.411,0.406,0.242,0.013,0.758,0.999,0.999,1
cn,2019,FR,46097,46097,0.375,0.368,0.477,0.031,0.825,1,1,1
cn,2019,GR,2719,2719,0.96,0.96,0.042,0.199,0.839,1,1,1
cn,2019,HR,2290,2290,0.998,0.998,0.327,0.211,0.559,1,1,1
cn,2019,HU,2934,2934,0.216,0.132,0.074,0.203,0.908,1,1,1
cn,2019,IE,1829,1829,0.822,0.762,0.286,0.058,0.3,1,1,1
cn,2019,IS,202,202,0.054,0.05,0.064,0.005,0.262,1,1,1
cn,2019,IT,10935,10935,0.929,0.927,0.091,0.049,0.91,1,1,1
cn,2019,LI,17,17,0.529,0.529,0.118,0,0.471,1,1,1
cn,2019,LT,3706,3706,0.31,0.309,0.046,0.189,0.056,1,0.999,1
cn,2019,LU,993,993,0.29,0.289,0.116,0.119,0.476,1,1,1
cn,2019,LV,1679,1679,0.503,0.502,0.177,0.275,0.988,1,1,1
cn,2019,MK,1221,1221,0.59,0.586,0.062,0.006,0.247,1,1,1
cn,2019,MT,620,620,0.084,0.084,0.034,0.184,0.953,1,1,1
cn,2019,NL,5613,5613,0.206,0.179,0.387,0.009,0.325,1,1,1
cn,2019,NO,4806,4806,0.469,0.468,0.332,0.001,0.807,0.999,0.999,1
cn,2019,PL,25372,25372,0.241,0.24,0.009,0.215,0.761,1,1,1
cn,2019,PT,3179,3179,0.853,0.845,0.03,0.129,0.752,1,1,1
cn,2019,RO,6692,6694,0.85,0.849,0.512,0.148,0.96,1,0.993,1
cn,2019,SE,8729,8729,0.232,0.23,0.074,0.004,0.823,1,1,1
cn,2019,SI,1907,1907,0.218,0.218,0.244,0.085,0.161,0.999,0.999,1
cn,2019,SK,1496,1496,0.986,0.986,0.354,0.294,0.672,1,1,1
cn,2019,UK,10997,10997,0.712,0.702,0.228,0.052,0.629,1,1,1
cn,2020,AT,3654,3654,0.159,0.157,0.13,0.021,0.764,1,1,1
cn,2020,BE,6306,6306,0.189,0.188,0.353,0.068,0.701,1,0.998,1
cn,2020,BG,4252,4252,0.998,0.989,0.032,0.198,0.788,1,1,1
cn,2020,CH,4630,4630,0.001,0.001,0,0,0.001,1,1,1
cn,2020,CY,335,335,0.884,0.881,0.051,0.146,0.958,1,1,1
cn,2020,CZ,6763,6763,0.881,0.874,0.166,0.26,0.892,1,1,1
cn,2020,DE,51139,51139,0.19,0.17,0.136,0.049,0.899,1,1,1
cn,2020,DK,2738,2738,0.722,0.69,0.369,0.014,0.713,1,1,1
cn,2020,EE,1477,1477,0.318,0.318,0.469,0.274,0.005,1,1,1
cn,2020,ES,15538,15538,0.966,0.965,0.041,0.071,0.906,1,1,1
cn,2020,FI,5108,5108,0.401,0.398,0.221,0.016,0.743,1,1,1
cn,2020,FR,40841,40841,0.388,0.383,0.499,0.032,0.821,1,1,1
cn,2020,GR,3237,3237,0.972,0.972,0.051,0.229,0.822,1,1,1
cn,2020,HR,2380,2380,0.999,0.999,0.302,0.232,0.589,1,1,1
cn,2020,HU,3026,3026,0.167,0.113,0.089,0.192,0.877,1,1,1
cn,2020,IE,2009,2009,0.866,0.807,0.28,0.054,0.246,1,1,1
cn,2020,IS,235,235,0.068,0.068,0.085,0.004,0.294,1,1,1
cn,2020,IT,10475,10475,0.932,0.93,0.094,0.05,0.918,1,1,1
cn,2020,LI,24,24,0.5,0.5,0.042,0.042,0.542,1,1,1
cn,2020,LT,4106,4106,0.266,0.265,0.032,0.192,0.044,1,1,1
cn,2020,LU,1031,1031,0.233,0.23,0.095,0.098,0.583,1,1,1
cn,2020,LV,1700,1700,0.532,0.532,0.177,0.218,0.986,1,1,1
cn,2020,MK,859,859,0.492,0.492,0.088,0.006,0.261,1,1,1
cn,2020,MT,698,698,0.156,0.156,0.047,0.172,0.941,1,1,1
cn,2020,NL,5843,5843,0.22,0.194,0.399,0.007,0.313,1,1,1
cn,2020,NO,5086,5086,0.542,0.541,0.351,0,0.794,1,1,1
cn,2020,PL,28141,28141,0.207,0.207,0.012,0.202,0.758,1,1,1
cn,2020,PT,3282,3282,0.862,0.85,0.033,0.133,0.771,1,1,1
cn,2020,RO,6550,6551,0.996,0.994,0.502,0.223,0.963,1,0.993,1
cn,2020,SE,8754,8754,0.255,0.251,0.08,0.004,0.863,1,1,1
cn,2020,SI,2071,2071,0.209,0.209,0.254,0.093,0.151,1,0.999,1
cn,2020,SK,1531,1531,0.992,0.992,0.306,0.366,0.748,1,1,1
cn,2020,UK,8482,8482,0.737,0.725,0.233,0.051,0.591,1,1,1
cn,2021,AT,3853,3853,0.178,0.171,0.14,0.025,0.744,1,1,1
cn,2021,BE,6973,6973,0.195,0.194,0.358,0.069,0.7,0.999,0.997,1
cn,2021,BG,5295,5295,0.998,0.991,0.019,0.147,0.73,1,1,1
cn,2021,CH,4375,4375,0,0,0,0,0.001,1,1,1
cn,2021,CY,430,430,0.898,0.893,0.028,0.147,0.979,0.998,1,1
cn,2021,CZ,7204,7204,0.853,0.848,0.176,0.236,0.88,1,1,1
cn,2021,DE,55199,55199,0.199,0.178,0.137,0.046,0.903,1,1,1
cn,2021,DK,2870,2870,0.746,0.734,0.36,0.009,0.7,1,1,1
cn,2021,EE,1627,1627,0.387,0.387,0.414,0.274,0.005,1,1,1
cn,2021,ES,19161,19161,0.963,0.962,0.046,0.085,0.913,1,1,1
cn,2021,FI,5375,5375,0.402,0.4,0.21,0.019,0.739,1,1,1
cn,2021,FR,47335,47335,0.405,0.401,0.494,0.03,0.827,1,1,1
cn,2021,GR,3739,3739,0.971,0.97,0.05,0.273,0.827,1,1,1
cn,2021,HR,2515,2515,0.999,0.999,0.313,0.213,0.559,1,1,1
cn,2021,HU,3760,3760,0.121,0.078,0.084,0.227,0.881,1,1,1
cn,2021,IE,2251,2251,0.886,0.837,0.245,0.063,0.254,1,1,1
cn,2021,IS,277,277,0.101,0.043,0.029,0,0.412,1,1,1
cn,2021,IT,12395,12395,0.928,0.927,0.102,0.048,0.917,1,1,1
cn,2021,LI,29,29,0.517,0.517,0,0,0.31,1,1,1
cn,2021,LT,4354,4354,0.268,0.267,0.037,0.171,0.046,1,1,1
cn,2021,LU,1227,1227,0.171,0.166,0.1,0.062,0.385,1,1,1
cn,2021,LV,2119,2119,0.558,0.555,0.173,0.209,0.988,1,1,1
cn,2021,MK,1025,1025,0.46,0.46,0.122,0.027,0.191,1,1,1
cn,2021,MT,758,758,0.117,0.117,0.092,0.142,0.946,1,1,1
cn,2021,NL,6700,6700,0.217,0.194,0.401,0.011,0.287,1,1,1
cn,2021,NO,5435,5435,0.54,0.538,0.344,0.001,0.83,1,1,1
cn,2021,PL,23840,23840,0.223,0.222,0.011,0.155,0.772,1,1,1
cn,2021,PT,3863,3863,0.898,0.893,0.025,0.134,0.775,1,1,1
cn,2021,RO,7754,7759,0.994,0.993,0.493,0.264,0.958,1,0.989,1
cn,2021,SE,9826,9826,0.375,0.368,0.158,0.003,0.883,1,1,1
cn,2021,SI,2590,2590,0.175,0.175,0.221,0.121,0.135,1,0.998,1
cn,2021,SK,1877,1877,0.986,0.985,0.306,0.386,0.744,1,1,1
cn,2021,UK,280,280,0.707,0.704,0.35,0.986,0.65,1,1,1
cn,2022,AT,4403,4403,0.196,0.187,0.152,0.031,0.763,1,1,1
cn,2022,BE,6951,6951,0.274,0.274,0.377,0.085,0.71,1,0.999,1
cn,2022,BG,6264,6264,1,0.993,0.017,0.14,0.796,1,1,1
cn,2022,CH,4567,4567,0.001,0.001,0,0,0.002,1,1,1
cn,2022,CY,522,522,0.96,0.96,0.031,0.182,0.979,0.998,1,1
cn,2022,CZ,8372,8372,0.865,0.857,0.159,0.286,0.897,1,1,1
cn,2022,DE,58213,58213,0.204,0.183,0.139,0.035,0.911,1,1,1
cn,2022,DK,3028,3028,0.792,0.782,0.356,0.012,0.705,1,1,1
cn,2022,EE,1756,1756,0.47,0.47,0.419,0.234,0.006,1,1,1
cn,2022,ES,21148,21148,0.968,0.967,0.054,0.135,0.916,1,1,1
cn,2022,FI,5370,5370,0.435,0.434,0.244,0.019,0.744,1,1,1
cn,2022,FR,49583,49583,0.511,0.504,0.503,0.029,0.833,1,1,1
cn,2022,GR,4168,4168,0.972,0.971,0.048,0.275,0.839,1,1,1
cn,2022,HR,2993,2993,1,1,0.282,0.213,0.579,1,1,1
cn,2022,HU,3360,3360,0.11,0.078,0.081,0.187,0.9,1,1,1
cn,2022,IE,2680,2680,0.891,0.862,0.219,0.038,0.254,1,1,1
cn,2022,IS,273,273,0.099,0.048,0.055,0.004,0.26,1,1,1
cn,2022,IT,12876,12876,0.937,0.935,0.101,0.095,0.926,1,1,1
cn,2022,LI,76,76,0.053,0.039,0,0,0.184,1,1,1
cn,2022,LT,4893,4893,0.297,0.296,0.03,0.161,0.054,0.999,0.999,1
cn,2022,LU,1410,1410,0.144,0.143,0.074,0.053,0.318,1,1,1
cn,2022,LV,3134,3134,0.485,0.484,0.156,0.174,0.987,1,1,1
cn,2022,MK,1044,1044,0.449,0.447,0.15,0.025,0.229,1,1,1
cn,2022,MT,812,812,0.054,0.054,0.1,0.163,0.969,1,1,1
cn,2022,NL,6491,6491,0.254,0.224,0.406,0.008,0.316,1,1,1
cn,2022,NO,5473,5473,0.571,0.57,0.353,0.001,0.838,1,1,1
cn,2022,PL,31436,31436,0.206,0.205,0.009,0.137,0.779,1,1,1
cn,2022,PT,4233,4233,0.905,0.901,0.024,0.19,0.776,1,1,1
cn,2022,RO,9417,9420,0.992,0.991,0.439,0.257,0.967,1,0.991,1
cn,2022,SE,9613,9613,0.404,0.398,0.161,0.003,0.883,1,1,1
cn,2022,SI,2490,2490,0.177,0.176,0.209,0.111,0.128,1,1,1
cn,2022,SK,2439,2439,0.982,0.977,0.298,0.34,0.698,1,1,1
cn,2022,UK,154,154,0.779,0.753,0.234,0.994,0.701,1,1,1
cn,2023,AT,4982,5120,0.161,0.156,0.154,0.019,0.777,1,0.983,1
cn,2023,BE,7300,8302,0.285,0.282,0.384,0.073,0.769,1,0.993,1
cn,2023,BG,7439,7439,0.738,0.732,0.016,0.144,0.811,1,1,1
cn,2023,CH,4757,4945,0.001,0.001,0,0.001,0.025,1,0.949,1
cn,2023,CY,547,551,0.74,0.739,0.022,0.172,0.964,0.993,0.996,1
cn,2023,CZ,9206,9206,0.644,0.64,0.108,0.228,0.892,1,1,1
cn,2023,DE,66517,68360,0.195,0.165,0.121,0.027,0.924,1,0.987,1
cn,2023,DK,3047,3151,0.726,0.704,0.328,0.014,0.672,0.996,0.983,1
cn,2023,EE,1309,1597,0.598,0.597,0.364,0.212,0.004,1,0.946,1
cn,2023,ES,21969,22230,0.811,0.81,0.043,0.109,0.915,1,1,1
cn,2023,FI,5260,5557,0.448,0.447,0.233,0.029,0.546,0.968,0.956,1
cn,2023,FR,52533,52539,0.376,0.372,0.366,0.022,0.837,1,1,1
cn,2023,GR,4518,4522,0.72,0.72,0.033,0.245,0.857,0.998,0.998,1
cn,2023,HR,3247,3247,0.704,0.704,0.196,0.141,0.583,1,1,1
cn,2023,HU,3367,3467,0.076,0.061,0.095,0.189,0.887,0.999,0.99,1
cn,2023,IE,3632,3680,0.744,0.707,0.227,0.073,0.246,1,1,1
cn,2023,IS,360,367,0.117,0.098,0.052,0.005,0.335,1,1,1
cn,2023,IT,14319,14341,0.712,0.71,0.072,0.112,0.91,1,0.998,1
cn,2023,LI,89,89,0.034,0.011,0,0,0.146,1,1,1
cn,2023,LT,4602,4757,0.332,0.272,0.025,0.132,0.083,0.996,0.971,1
cn,2023,LU,1427,1429,0.127,0.125,0.083,0.052,0.271,1,0.999,1
cn,2023,LV,3158,3356,0.381,0.379,0.12,0.156,0.964,1,1,1
cn,2023,MK,1174,1174,0.359,0.359,0.109,0.017,0.246,1,1,1
cn,2023,MT,966,972,0.174,0.174,0.123,0.107,0.837,1,0.979,1
cn,2023,NL,7011,7391,0.326,0.281,0.388,0.008,0.353,0.996,0.99,1
cn,2023,NO,5965,6254,0.559,0.55,0.334,0.001,0.747,0.992,0.981,1
cn,2023,PL,33010,34247,0.145,0.144,0.01,0.104,0.788,1,0.994,1
cn,2023,PT,5363,5365,0.659,0.658,0.015,0.142,0.78,1,1,1
cn,2023,RO,9875,10026,0.73,0.729,0.315,0.261,0.973,1,0.992,1
cn,2023,SE,10224,10528,0.444,0.439,0.233,0.004,0.769,0.998,0.996,1
cn,2023,SI,2604,2604,0.142,0.142,0.134,0.061,0.119,1,0.998,1
cn,2023,SK,2665,2962,0.913,0.91,0.315,0.247,0.748,1,1,1
cn,2023,UK,100,100,0.64,0.62,0.37,0.68,0.45,1,1,1
cn,2024,AT,5482,6750,0.167,0.158,0.207,0.025,0.825,0.996,0.909,1
cn,2024,BE,8129,13031,0.227,0.222,0.413,0.099,0.878,0.996,0.988,1
cn,2024,BG,7358,8459,0.954,0.949,0.026,0.171,0.749,0.998,0.999,1
cn,2024,CH,5393,5869,0.001,0.001,0.001,0.001,0.711,1,0.833,1
cn,2024,CY,910,1141,0.941,0.933,0.024,0.172,0.989,0.959,0.971,1
cn,2024,CZ,10639,17188,0.806,0.791,0.125,0.292,0.931,0.997,1,1
cn,2024,DE,70843,87976,0.217,0.158,0.142,0.033,0.978,0.999,0.933,1
cn,2024,DK,3024,3707,0.798,0.778,0.401,0.023,0.749,0.971,0.899,1
cn,2024,EE,2053,3332,0.567,0.567,0.392,0.242,0.933,1,0.995,1
cn,2024,ES,23631,27073,0.94,0.939,0.06,0.115,0.915,0.997,0.994,1
cn,2024,FI,5778,7160,0.373,0.372,0.267,0.03,0.721,0.934,0.9,1
cn,2024,FR,51550,59757,0.325,0.321,0.542,0.038,0.576,0.996,0.964,1
cn,2024,GR,3707,4653,0.886,0.881,0.077,0.219,0.922,0.989,0.95,1
cn,2024,HR,2999,6121,0.993,0.993,0.221,0.256,0.988,1,1,1
cn,2024,HU,3012,4123,0.071,0.071,0.108,0.181,0.865,0.999,0.975,1
cn,2024,IE,4599,5106,0.934,0.818,0.23,0.062,0.336,0.999,0.997,1
cn,2024,IS,313,382,0.147,0.045,0.157,0.003,0.605,0.997,0.958,1
cn,2024,IT,14417,16353,0.973,0.968,0.15,0.102,0.529,0.99,0.945,1
cn,2024,LI,78,80,0.063,0.05,0,0,0.988,1,0.975,1
cn,2024,LT,5083,6848,0.115,0.053,0.026,0.156,0.691,0.978,0.878,1
cn,2024,LU,1407,1530,0.159,0.158,0.11,0.159,0.314,0.999,0.998,1
cn,2024,LV,3526,5337,0.422,0.421,0.125,0.31,0.901,1,1,1
cn,2024,MK,983,1044,0.057,0.057,0.204,0.044,0.825,0.975,0.962,1
cn,2024,MT,956,1143,0.981,0.978,0.166,0.127,0.146,0.99,0.908,1
cn,2024,NL,7795,10555,0.451,0.369,0.435,0.014,0.449,0.988,0.961,1
cn,2024,NO,5659,7014,0.581,0.575,0.469,0.002,0.787,0.961,0.918,1
cn,2024,PL,32056,51408,0.147,0.145,0.013,0.089,0.91,0.998,0.953,1
cn,2024,PT,6021,7323,0.76,0.748,0.032,0.244,0.615,0.999,0.989,1
cn,2024,RO,10671,15612,0.538,0.533,0.324,0.398,0.999,1,0.999,1
cn,2024,SE,10435,13080,0.913,0.901,0.538,0.007,0.832,0.991,0.983,1
cn,2024,SI,3145,5603,0.134,0.131,0.247,0.135,0.972,1,0.931,1
cn,2024,SK,2450,4028,0.917,0.915,0.315,0.248,0.902,1,1,1
cn,2024,UK,119,133,0.744,0.737,0.233,0.88,0.842,0.91,0.895,1
cn,2025,AT,5348,6682,0.14,0.134,0.235,0.033,0.802,0.998,0.899,1
cn,2025,BE,8152,13360,0.117,0.116,0.45,0.091,0.875,0.996,0.987,1
cn,2025,BG,8328,9599,0.998,0.994,0.021,0.251,0.908,1,1,1
cn,2025,CH,5611,6301,0,0,0,0,0.72,1,0.818,1
cn,2025,CY,947,1223,0.961,0.946,0.013,0.173,0.997,0.949,0.948,1
cn,2025,CZ,11648,19148,0.847,0.827,0.12,0.327,0.932,0.997,1,1
cn,2025,DE,70449,88027,0.16,0.144,0.148,0.034,0.972,0.999,0.934,1
cn,2025,DK,3171,3766,0.806,0.801,0.387,0.021,0.801,0.974,0.902,1
cn,2025,EE,2217,3569,0.612,0.612,0.416,0.248,0.913,1,1,1
cn,2025,ES,24698,28977,0.94,0.94,0.066,0.121,0.978,0.993,0.99,1
cn,2025,FI,5852,7261,0.36,0.359,0.232,0.025,0.822,0.956,0.918,1
cn,2025,FR,53694,62023,0.366,0.349,0.56,0.04,0.764,0.993,0.961,1
cn,2025,GR,3978,5105,0.924,0.922,0.062,0.251,0.97,0.986,0.952,1
cn,2025,HR,3211,7596,0.997,0.997,0.222,0.252,0.971,1,1,1
cn,2025,HU,3180,4434,0.074,0.071,0.109,0.222,0.926,0.996,0.968,1
cn,2025,IE,5077,5602,0.956,0.865,0.237,0.082,0.724,0.996,0.999,1
cn,2025,IS,320,414,0.174,0.058,0.147,0.002,0.865,0.99,0.913,1
cn,2025,IT,15322,17679,0.982,0.977,0.163,0.082,0.747,0.992,0.943,1
cn,2025,LI,79,89,0.022,0.022,0,0,1,1,1,1
cn,2025,LT,6339,8341,0.764,0.382,0.016,0.226,0.878,0.993,0.995,1
cn,2025,LU,1624,1739,0.123,0.122,0.102,0.124,0.777,0.999,0.999,1
cn,2025,LV,4276,6209,0.447,0.444,0.107,0.381,0.949,0.994,1,1
cn,2025,MK,1150,1238,0.04,0.04,0.171,0.028,0.935,0.963,0.96,1
cn,2025,MT,1000,1257,0.989,0.988,0.158,0.161,0.989,0.99,0.927,1
cn,2025,NL,8309,11002,0.494,0.427,0.438,0.012,0.447,0.991,0.963,1
cn,2025,NO,6205,7479,0.561,0.558,0.482,0.002,0.827,0.966,0.928,1
cn,2025,PL,36517,61233,0.161,0.155,0.018,0.221,0.962,0.998,0.935,1
cn,2025,PT,7532,9239,0.878,0.873,0.031,0.27,0.843,0.998,0.992,1
cn,2025,RO,9777,14389,0.646,0.642,0.354,0.396,0.999,1,1,1
cn,2025,SE,11298,13550,0.997,0.989,0.544,0.015,0.864,0.994,0.987,1
cn,2025,SI,3459,6283,0.115,0.113,0.208,0.162,0.956,1,0.986,1
cn,2025,SK,2592,4169,0.925,0.924,0.296,0.361,0.888,0.998,1,1
cn,2025,UK,58,75,0.76,0.733,0.36,0.973,0.507,0.987,0.987,1
cn,2026,AT,3763,4742,0.159,0.153,0.236,0.035,0.781,0.999,0.879,1
cn,2026,BE,6371,10264,0.09,0.089,0.458,0.082,0.887,0.995,0.987,1
cn,2026,BG,5148,5997,0.988,0.985,0.024,0.226,0.95,0.999,0.999,1
cn,2026,CH,4199,4721,0,0,0,0,0.675,1,0.823,1
cn,2026,CY,654,790,0.963,0.938,0.015,0.148,0.999,0.981,0.97,1
cn,2026,CZ,8226,13889,0.751,0.729,0.117,0.28,0.947,0.998,1,1
cn,2026,DE,53943,68014,0.161,0.142,0.147,0.04,0.967,0.998,0.933,1
cn,2026,DK,2325,2818,0.722,0.717,0.38,0.023,0.809,0.972,0.928,1
cn,2026,EE,1625,2595,0.651,0.651,0.484,0.229,0.91,1,1,1
cn,2026,ES,18250,21440,0.881,0.876,0.067,0.073,0.973,0.993,0.991,1
cn,2026,FI,4615,5732,0.363,0.362,0.244,0.018,0.772,0.958,0.93,1
cn,2026,FR,36016,42085,0.44,0.363,0.572,0.041,0.87,0.994,0.961,1
cn,2026,GR,3033,3935,0.905,0.892,0.053,0.237,0.962,0.981,0.951,1
cn,2026,HR,2475,5839,0.998,0.998,0.212,0.243,0.974,1,1,1
cn,2026,HU,2290,3391,0.07,0.07,0.109,0.225,0.929,0.994,0.974,1
cn,2026,IE,4041,4468,0.987,0.903,0.213,0.069,0.897,0.998,0.998,1
cn,2026,IS,262,349,0.129,0.049,0.069,0,0.877,0.994,0.917,1
cn,2026,IT,12420,14132,0.969,0.964,0.161,0.08,0.791,0.992,0.931,1
cn,2026,LI,87,103,0.107,0.107,0,0,1,1,0.961,1
cn,2026,LT,4271,5735,0.588,0.392,0.016,0.187,0.849,0.985,0.987,1
cn,2026,LU,1337,1463,0.116,0.114,0.085,0.129,0.961,1,0.999,1
cn,2026,LV,3343,4911,0.415,0.412,0.113,0.353,0.93,0.996,1,1
cn,2026,MK,828,917,0.037,0.037,0.195,0.043,0.917,0.967,0.973,1
cn,2026,MT,780,949,0.989,0.985,0.14,0.199,0.982,0.996,0.921,1
cn,2026,NL,6120,7966,0.479,0.437,0.455,0.016,0.426,0.991,0.959,1
cn,2026,NO,4543,5540,0.501,0.5,0.486,0.002,0.851,0.965,0.928,1
cn,2026,PL,28241,49676,0.151,0.137,0.015,0.281,0.97,0.998,0.941,1
cn,2026,PT,5595,6732,0.981,0.973,0.031,0.192,0.995,1,1,1
cn,2026,RO,6756,9968,0.798,0.797,0.394,0.31,0.999,1,1,1
cn,2026,SE,8218,9490,0.894,0.884,0.54,0.007,0.872,0.995,0.986,1
cn,2026,SI,2632,4743,0.085,0.083,0.231,0.141,0.952,1,0.99,1
cn,2026,SK,1856,3203,0.938,0.934,0.287,0.406,0.862,0.997,1,1
cn,2026,UK,31,43,0.814,0.814,0.07,0.977,0,0.977,0.977,1
