country,year,kind,procedures
LV,2025,not ICT,4000
SE,2025,not ICT,7494
FR,2025,IT services,1105
BG,2025,not ICT,11398
PL,2025,IT services,896
BE,2023,not ICT,4004
EE,2025,IT services,213
MT,2025,IT services,36
NL,2025,IT services,583
SE,2025,Software,179
PL,2022,"Computers, networks, telecoms",2136
DE,2016,not ICT,26144
CZ,2019,"Computers, networks, telecoms",1228
LT,2017,IT services,162
UK,2023,not ICT,1749
DE,2018,not ICT,33732
FR,2020,not ICT,31041
IT,2019,IT services,398
CZ,2021,"Computers, networks, telecoms",1456
AT,2017,not ICT,2380
MK,2018,not ICT,636
CH,2022,not ICT,2682
DK,2016,"Computers, networks, telecoms",53
NL,2019,not ICT,5777
CY,2017,not ICT,276
DE,2016,Software,461
MK,2022,not ICT,309
MT,2017,not ICT,649
NL,2022,IT services,477
PL,2020,"Computers, networks, telecoms",1303
FR,2022,"Computers, networks, telecoms",931
SK,2021,not ICT,1828
CY,2022,not ICT,475
DE,2018,Software,597
LV,2021,IT services,197
CH,2022,Software,45
PL,2017,"Computers, networks, telecoms",1036
BE,2023,Software,99
BG,2025,Software,154
FI,2024,"Computers, networks, telecoms",101
NL,2019,Software,349
LT,2022,"Computers, networks, telecoms",233
HU,2020,IT services,219
DE,2019,"Computers, networks, telecoms",1075
DK,2019,IT services,169
HU,2019,"Computers, networks, telecoms",97
SI,2016,IT services,103
SI,2022,IT services,221
PT,2022,"Computers, networks, telecoms",170
SI,2017,IT services,187
CY,2021,IT services,25
RO,2019,IT services,180
UK,2017,"Computers, networks, telecoms",189
UK,2021,"Computers, networks, telecoms",51
BE,2022,"Computers, networks, telecoms",146
SK,2021,Software,40
DK,2023,"Computers, networks, telecoms",56
FR,2020,Software,347
HU,2021,IT services,297
MT,2017,Software,12
MK,2021,"Computers, networks, telecoms",5
NO,2020,"Computers, networks, telecoms",96
AT,2017,Software,39
FI,2018,IT services,156
EE,2019,"Computers, networks, telecoms",82
LV,2025,Software,50
MT,2024,IT services,30
SK,2016,"Computers, networks, telecoms",31
CY,2017,Software,1
HR,2016,IT services,68
IE,2016,IT services,81
MK,2018,Software,12
LU,2017,"Computers, networks, telecoms",26
LI,2024,not ICT,58
IE,2021,"Computers, networks, telecoms",66
MK,2025,"Computers, networks, telecoms",9
GR,2016,IT services,19
LI,2024,Software,4
CY,2022,Software,9
MK,2022,Software,3
MT,2016,"Computers, networks, telecoms",14
IS,2018,"Computers, networks, telecoms",7
UK,2024,IT services,1
UK,2025,"Computers, networks, telecoms",1
PT,2024,not ICT,3708
PL,2025,"Computers, networks, telecoms",1916
FI,2024,IT services,419
LT,2024,Software,179
LT,2024,not ICT,5186
BE,2024,not ICT,4538
BE,2024,Software,132
NL,2025,"Computers, networks, telecoms",499
PT,2024,Software,145
FR,2025,"Computers, networks, telecoms",527
PL,2023,not ICT,36786
IT,2022,not ICT,10262
FR,2016,not ICT,31292
FR,2019,not ICT,36042
FR,2021,not ICT,34350
LT,2018,not ICT,2571
CY,2018,not ICT,337
DK,2020,not ICT,2799
IT,2021,not ICT,11087
DK,2018,not ICT,2578
CH,2020,not ICT,2741
EE,2022,not ICT,2211
HR,2017,not ICT,1369
IT,2019,"Computers, networks, telecoms",221
PL,2022,IT services,872
LV,2016,not ICT,1246
FR,2019,Software,572
CZ,2019,IT services,490
IE,2021,IT services,181
LU,2016,not ICT,527
DE,2019,IT services,1261
HR,2022,not ICT,2783
NL,2022,"Computers, networks, telecoms",466
PT,2022,IT services,274
LT,2022,IT services,446
FR,2021,Software,317
LU,2017,IT services,41
UK,2017,IT services,276
SI,2017,"Computers, networks, telecoms",208
FR,2016,Software,456
EE,2025,"Computers, networks, telecoms",102
SI,2022,"Computers, networks, telecoms",126
DK,2023,IT services,199
NO,2020,IT services,351
IT,2022,Software,144
UK,2021,IT services,197
HU,2019,IT services,147
PL,2020,IT services,737
PL,2017,IT services,471
FR,2022,IT services,1655
PL,2023,Software,891
LT,2018,Software,60
HR,2016,"Computers, networks, telecoms",94
CZ,2021,IT services,678
BE,2022,IT services,269
DK,2019,"Computers, networks, telecoms",32
IT,2021,Software,159
EE,2019,IT services,138
LT,2017,"Computers, networks, telecoms",89
IE,2016,"Computers, networks, telecoms",31
RO,2019,"Computers, networks, telecoms",327
HU,2021,"Computers, networks, telecoms",146
DK,2016,IT services,146
EE,2022,Software,59
LV,2021,"Computers, networks, telecoms",167
SI,2016,"Computers, networks, telecoms",86
MT,2025,"Computers, networks, telecoms",26
FI,2018,"Computers, networks, telecoms",66
HU,2020,"Computers, networks, telecoms",117
HR,2017,Software,38
SK,2016,IT services,96
CY,2018,Software,8
HR,2022,Software,65
MT,2024,"Computers, networks, telecoms",25
CH,2020,Software,50
GR,2016,"Computers, networks, telecoms",19
LV,2016,Software,36
MK,2021,IT services,11
LU,2016,Software,10
DK,2018,Software,24
MK,2025,IT services,13
CY,2021,"Computers, networks, telecoms",9
DK,2020,Software,24
IS,2018,IT services,4
MT,2016,IT services,5
UK,2025,IT services,1
UK,2024,"Computers, networks, telecoms",1
LT,2025,not ICT,6150
BG,2024,not ICT,10898
HR,2025,"Computers, networks, telecoms",144
HR,2024,not ICT,2639
HR,2024,Software,86
HU,2025,not ICT,2968
CZ,2025,"Computers, networks, telecoms",836
ES,2022,not ICT,21811
ES,2021,not ICT,19434
EE,2020,not ICT,1546
LT,2016,not ICT,1781
PT,2017,not ICT,3038
NL,2018,not ICT,5639
NL,2016,not ICT,4415
ES,2021,Software,400
DE,2017,"Computers, networks, telecoms",851
CZ,2016,not ICT,4732
IE,2023,"Computers, networks, telecoms",53
CZ,2020,"Computers, networks, telecoms",1243
BE,2020,not ICT,4049
MK,2020,not ICT,268
FI,2021,IT services,382
LU,2018,not ICT,502
LV,2017,not ICT,1566
PL,2018,IT services,631
PL,2021,"Computers, networks, telecoms",1618
ES,2020,IT services,1245
CH,2023,not ICT,2902
LT,2025,Software,235
DE,2023,IT services,1846
ES,2022,Software,441
SI,2023,IT services,221
RO,2021,"Computers, networks, telecoms",505
NL,2018,Software,342
BG,2023,"Computers, networks, telecoms",612
LV,2018,IT services,110
HR,2018,"Computers, networks, telecoms",86
BE,2016,IT services,156
IE,2018,"Computers, networks, telecoms",41
NL,2016,Software,200
SE,2020,"Computers, networks, telecoms",196
BE,2020,Software,73
BG,2020,IT services,177
CY,2016,IT services,9
LU,2021,IT services,112
CZ,2016,Software,126
SI,2019,IT services,184
IT,2023,"Computers, networks, telecoms",300
LV,2019,IT services,113
IT,2018,"Computers, networks, telecoms",192
HU,2023,"Computers, networks, telecoms",173
MK,2020,Software,14
IS,2016,not ICT,60
PT,2020,"Computers, networks, telecoms",137
BG,2019,IT services,167
BG,2024,Software,136
FI,2025,"Computers, networks, telecoms",88
HU,2025,Software,54
CH,2023,Software,67
EE,2020,Software,47
MK,2023,"Computers, networks, telecoms",11
SE,2022,"Computers, networks, telecoms",176
GR,2017,IT services,21
LV,2017,Software,30
SK,2019,IT services,108
CY,2023,IT services,39
NO,2019,"Computers, networks, telecoms",134
LI,2019,not ICT,26
SK,2017,IT services,102
LT,2016,Software,56
LU,2025,"Computers, networks, telecoms",22
CY,2024,"Computers, networks, telecoms",15
EE,2023,"Computers, networks, telecoms",44
PT,2017,Software,15
IS,2024,"Computers, networks, telecoms",5
IS,2021,"Computers, networks, telecoms",2
IS,2019,"Computers, networks, telecoms",7
LU,2018,Software,6
MK,2024,"Computers, networks, telecoms",2
IS,2016,Software,1
LI,2019,Software,1
IE,2025,not ICT,3644
AT,2025,not ICT,4704
ES,2025,IT services,2366
FR,2024,not ICT,30095
ES,2024,"Computers, networks, telecoms",867
NO,2025,IT services,309
CZ,2024,"Computers, networks, telecoms",1052
SK,2024,IT services,125
PT,2025,IT services,610
FR,2024,Software,291
AT,2023,not ICT,4457
DE,2024,"Computers, networks, telecoms",1347
ES,2023,IT services,2002
NL,2023,"Computers, networks, telecoms",487
ES,2019,not ICT,15781
BE,2017,not ICT,3275
EE,2017,not ICT,1096
ES,2019,Software,307
BE,2018,not ICT,3783
AT,2018,not ICT,2619
ES,2016,not ICT,8955
CZ,2018,"Computers, networks, telecoms",1342
PL,2019,"Computers, networks, telecoms",1308
DE,2022,IT services,2034
AT,2019,not ICT,3109
SK,2022,not ICT,2652
GR,2023,not ICT,4028
SK,2018,not ICT,1677
HR,2020,not ICT,2247
AT,2020,not ICT,3516
RO,2020,"Computers, networks, telecoms",464
SE,2021,"Computers, networks, telecoms",228
SK,2022,Software,94
FR,2017,"Computers, networks, telecoms",1255
ES,2016,Software,187
FR,2018,"Computers, networks, telecoms",1219
LU,2019,not ICT,608
DE,2021,IT services,1869
PT,2019,IT services,160
EE,2017,Software,31
SK,2025,"Computers, networks, telecoms",98
AT,2025,Software,151
SI,2024,IT services,288
HU,2024,IT services,241
IE,2025,Software,84
UK,2016,IT services,345
DK,2021,IT services,171
AT,2020,Software,53
UK,2018,"Computers, networks, telecoms",186
BE,2018,Software,125
GR,2019,"Computers, networks, telecoms",114
IT,2017,IT services,333
NL,2021,IT services,435
PT,2021,IT services,240
BE,2017,Software,120
AT,2019,Software,76
DK,2017,"Computers, networks, telecoms",61
FI,2020,IT services,347
PT,2018,IT services,137
NO,2022,IT services,481
HR,2023,"Computers, networks, telecoms",227
EE,2021,IT services,201
NO,2016,IT services,120
MT,2023,IT services,46
HU,2016,IT services,112
MT,2018,"Computers, networks, telecoms",29
SE,2016,IT services,193
LU,2022,IT services,84
GR,2023,Software,61
LI,2021,not ICT,16
CH,2019,"Computers, networks, telecoms",106
IE,2022,IT services,168
IS,2025,IT services,3
AT,2023,Software,105
FI,2019,"Computers, networks, telecoms",73
CY,2020,IT services,13
SK,2018,Software,48
AT,2018,Software,55
IE,2017,"Computers, networks, telecoms",36
HR,2020,Software,61
EE,2016,"Computers, networks, telecoms",50
LU,2019,Software,10
LI,2021,Software,6
LI,2017,IT services,1
CH,2025,not ICT,3841
ES,2025,"Computers, networks, telecoms",1244
LI,2025,not ICT,32
DE,2024,IT services,1974
AT,2024,not ICT,4766
CH,2024,not ICT,3460
SE,2023,not ICT,9098
CZ,2024,IT services,855
ES,2024,IT services,1856
HU,2024,"Computers, networks, telecoms",133
AT,2024,Software,130
ES,2023,"Computers, networks, telecoms",1193
RO,2023,not ICT,23363
PT,2025,"Computers, networks, telecoms",490
CH,2024,Software,77
CY,2019,not ICT,325
GR,2020,not ICT,2785
HR,2019,not ICT,2208
SE,2021,IT services,578
FR,2023,not ICT,36513
NL,2023,IT services,518
HU,2017,Software,77
FR,2018,IT services,1332
LT,2020,not ICT,4074
CH,2018,not ICT,2735
DE,2022,"Computers, networks, telecoms",1484
UK,2018,IT services,337
NL,2021,"Computers, networks, telecoms",623
HU,2017,not ICT,2204
PT,2023,not ICT,3523
RO,2016,not ICT,3550
SI,2020,not ICT,6431
HR,2019,Software,77
DE,2021,"Computers, networks, telecoms",1725
RO,2018,not ICT,5690
FI,2016,not ICT,2542
IS,2020,not ICT,193
FI,2019,IT services,325
RO,2023,Software,257
PL,2019,IT services,733
HR,2023,IT services,248
DK,2017,IT services,147
LT,2021,not ICT,4350
GR,2020,Software,37
SK,2025,IT services,170
CH,2025,Software,82
SI,2024,"Computers, networks, telecoms",106
SK,2024,"Computers, networks, telecoms",97
PT,2023,Software,154
CZ,2018,IT services,431
LT,2020,Software,94
PT,2021,"Computers, networks, telecoms",152
HU,2016,"Computers, networks, telecoms",57
FR,2017,IT services,1356
NO,2016,"Computers, networks, telecoms",117
MK,2016,not ICT,706
IT,2017,"Computers, networks, telecoms",174
FR,2023,Software,416
UK,2016,"Computers, networks, telecoms",159
PT,2018,"Computers, networks, telecoms",105
RO,2020,IT services,267
NO,2022,"Computers, networks, telecoms",186
SE,2023,Software,212
IE,2017,IT services,84
FI,2016,Software,39
LT,2021,Software,155
SE,2016,"Computers, networks, telecoms",152
EE,2016,IT services,86
GR,2019,IT services,60
NO,2025,"Computers, networks, telecoms",58
PT,2019,"Computers, networks, telecoms",133
CH,2018,Software,72
DK,2021,"Computers, networks, telecoms",41
CY,2020,"Computers, networks, telecoms",5
IE,2022,"Computers, networks, telecoms",46
RO,2016,Software,32
EE,2021,"Computers, networks, telecoms",104
LI,2016,not ICT,4
CH,2019,IT services,143
RO,2018,Software,59
SI,2020,Software,60
FI,2020,"Computers, networks, telecoms",70
CY,2019,Software,13
MT,2023,"Computers, networks, telecoms",31
LI,2025,Software,3
MT,2018,IT services,20
IS,2020,Software,3
MK,2016,Software,17
LU,2022,"Computers, networks, telecoms",19
IS,2025,"Computers, networks, telecoms",1
RO,2025,not ICT,8608
SE,2024,not ICT,7375
DK,2024,not ICT,2980
BE,2025,not ICT,4902
SI,2025,IT services,338
SK,2023,not ICT,2911
SE,2024,Software,171
LV,2024,not ICT,3350
EE,2024,IT services,199
BE,2025,Software,178
IE,2024,not ICT,2506
NL,2024,"Computers, networks, telecoms",464
CY,2025,not ICT,940
NO,2021,not ICT,3211
SE,2019,not ICT,7023
LT,2019,not ICT,3339
NL,2017,not ICT,4879
CZ,2023,"Computers, networks, telecoms",1709
RO,2017,not ICT,4466
EE,2018,not ICT,1185
CZ,2022,IT services,784
NO,2017,not ICT,2278
IE,2019,not ICT,1076
IT,2016,not ICT,6939
AT,2016,not ICT,2522
SE,2019,Software,306
CZ,2017,"Computers, networks, telecoms",971
DE,2020,"Computers, networks, telecoms",1357
SE,2018,IT services,248
HU,2018,IT services,171
UK,2019,IT services,337
SK,2020,not ICT,1675
NL,2020,"Computers, networks, telecoms",354
GR,2018,not ICT,1921
MT,2019,"Computers, networks, telecoms",34
ES,2018,"Computers, networks, telecoms",504
NL,2017,Software,325
RO,2025,Software,333
IT,2024,IT services,292
BE,2021,"Computers, networks, telecoms",141
LU,2023,IT services,67
IT,2020,"Computers, networks, telecoms",229
HR,2021,"Computers, networks, telecoms",145
SK,2023,Software,104
GR,2022,"Computers, networks, telecoms",133
CH,2016,"Computers, networks, telecoms",123
BG,2018,IT services,121
RO,2022,"Computers, networks, telecoms",653
CH,2021,"Computers, networks, telecoms",67
LU,2020,IT services,73
LV,2022,IT services,200
RO,2017,Software,42
BG,2021,"Computers, networks, telecoms",375
UK,2022,IT services,44
AT,2022,"Computers, networks, telecoms",69
AT,2016,Software,32
IE,2019,Software,63
NO,2017,Software,114
GR,2024,"Computers, networks, telecoms",131
NO,2024,"Computers, networks, telecoms",66
DK,2024,Software,21
CY,2025,Software,30
DK,2022,"Computers, networks, telecoms",39
EE,2018,Software,50
IE,2024,Software,49
LI,2022,not ICT,45
LT,2019,Software,101
IT,2016,Software,78
LI,2020,IT services,3
SK,2020,Software,14
MK,2019,IT services,19
LV,2024,Software,24
LI,2023,IT services,5
NO,2021,Software,58
IS,2022,IT services,13
GR,2018,Software,15
LI,2022,Software,3
PT,2024,"Computers, networks, telecoms",248
PL,2025,not ICT,34458
FR,2025,not ICT,31313
NL,2025,not ICT,7329
SE,2025,IT services,628
BE,2024,"Computers, networks, telecoms",187
PL,2025,Software,937
EE,2025,not ICT,2025
MT,2024,not ICT,847
EE,2025,Software,67
FR,2025,Software,211
MT,2025,not ICT,1001
SI,2017,not ICT,4594
RO,2019,not ICT,10199
HR,2016,not ICT,1298
IT,2019,not ICT,9443
LT,2017,not ICT,1770
HU,2021,not ICT,3668
LT,2018,"Computers, networks, telecoms",120
LV,2021,not ICT,3258
NL,2022,not ICT,7093
DK,2019,not ICT,2962
SI,2022,not ICT,3093
HU,2020,not ICT,3223
FR,2020,IT services,1376
SI,2016,not ICT,1536
FI,2018,not ICT,2837
HR,2016,Software,61
FR,2016,"Computers, networks, telecoms",1178
GR,2016,not ICT,3158
FR,2019,"Computers, networks, telecoms",1263
CY,2021,not ICT,323
DE,2018,IT services,905
DE,2016,IT services,670
IE,2016,not ICT,743
LT,2024,"Computers, networks, telecoms",277
PL,2023,"Computers, networks, telecoms",2373
LV,2025,IT services,139
FR,2021,"Computers, networks, telecoms",1014
NL,2022,Software,225
IT,2021,"Computers, networks, telecoms",278
DK,2019,Software,40
NL,2019,IT services,285
AT,2017,IT services,52
IE,2016,Software,36
SI,2022,Software,55
DK,2020,"Computers, networks, telecoms",55
EE,2022,"Computers, networks, telecoms",97
RO,2019,Software,88
LV,2016,"Computers, networks, telecoms",31
HR,2022,"Computers, networks, telecoms",135
DK,2018,"Computers, networks, telecoms",67
CH,2020,"Computers, networks, telecoms",69
BE,2023,IT services,251
CH,2022,IT services,190
IT,2019,Software,135
CY,2021,Software,21
CY,2022,IT services,33
IT,2022,"Computers, networks, telecoms",238
NL,2025,Software,276
BG,2025,IT services,365
SK,2021,IT services,96
LV,2021,Software,49
CY,2018,"Computers, networks, telecoms",9
UK,2023,IT services,24
HU,2020,Software,60
FI,2018,Software,86
LT,2017,Software,53
SI,2017,Software,64
UK,2024,not ICT,79
HR,2017,"Computers, networks, telecoms",80
SI,2016,Software,43
HU,2021,Software,88
MT,2017,IT services,9
GR,2016,Software,8
LU,2016,"Computers, networks, telecoms",21
CY,2017,IT services,7
MK,2018,IT services,13
MK,2022,IT services,8
LI,2024,IT services,2
MT,2024,Software,8
MT,2025,Software,6
UK,2024,Software,1
SK,2024,not ICT,2122
ES,2025,not ICT,20972
ES,2025,Software,1071
NO,2025,not ICT,2848
HU,2024,not ICT,3150
PT,2025,not ICT,4668
AT,2025,IT services,228
ES,2023,not ICT,22565
FR,2024,IT services,1165
SI,2024,not ICT,2737
PT,2025,Software,186
CH,2024,"Computers, networks, telecoms",85
ES,2023,Software,622
DE,2022,not ICT,48912
UK,2016,not ICT,15491
SE,2016,not ICT,5207
UK,2016,Software,267
DE,2021,not ICT,47350
EE,2021,not ICT,1882
DE,2022,Software,1265
NO,2022,not ICT,3295
DK,2021,not ICT,2751
IT,2017,not ICT,7385
NL,2021,Software,241
DE,2021,Software,1064
PT,2018,not ICT,3871
GR,2023,IT services,215
LT,2020,"Computers, networks, telecoms",188
ES,2019,IT services,1214
NO,2016,not ICT,2252
IE,2022,not ICT,1348
PT,2023,"Computers, networks, telecoms",224
PT,2021,not ICT,2907
LU,2022,not ICT,691
NL,2021,not ICT,6703
FI,2020,not ICT,3755
HU,2016,not ICT,1623
HR,2020,IT services,161
CY,2020,not ICT,287
LU,2022,Software,6
ES,2016,IT services,767
PT,2019,not ICT,3739
DK,2021,Software,24
SK,2024,Software,36
IE,2025,IT services,438
RO,2023,"Computers, networks, telecoms",629
SI,2024,Software,94
MT,2023,not ICT,760
AT,2023,IT services,262
GR,2020,"Computers, networks, telecoms",160
HR,2019,"Computers, networks, telecoms",123
SE,2023,"Computers, networks, telecoms",212
FI,2020,Software,43
EE,2021,Software,63
EE,2017,IT services,107
BE,2018,IT services,176
SI,2020,"Computers, networks, telecoms",307
AT,2020,IT services,185
FR,2023,"Computers, networks, telecoms",882
SK,2022,IT services,149
PT,2021,Software,78
CH,2018,"Computers, networks, telecoms",105
FI,2016,"Computers, networks, telecoms",58
SK,2018,IT services,113
RO,2016,"Computers, networks, telecoms",138
RO,2018,"Computers, networks, telecoms",162
BE,2017,IT services,146
LT,2021,"Computers, networks, telecoms",186
AT,2018,IT services,55
AT,2019,IT services,100
SE,2016,Software,123
CH,2025,"Computers, networks, telecoms",76
IS,2025,not ICT,173
AT,2024,"Computers, networks, telecoms",92
LI,2021,IT services,2
IT,2017,Software,75
PT,2019,Software,52
NO,2016,Software,97
LI,2017,Software,1
NO,2022,Software,62
HU,2024,Software,55
HU,2016,Software,25
HU,2017,"Computers, networks, telecoms",75
IE,2022,Software,28
NO,2025,Software,54
LI,2017,not ICT,10
PT,2018,Software,31
MK,2016,"Computers, networks, telecoms",23
LU,2019,IT services,30
IS,2025,Software,4
CY,2019,"Computers, networks, telecoms",12
MT,2023,Software,8
CY,2020,Software,6
IS,2020,"Computers, networks, telecoms",3
EE,2023,not ICT,1446
FI,2025,not ICT,4520
CZ,2025,not ICT,11228
HR,2025,not ICT,2632
CY,2024,not ICT,689
LT,2025,"Computers, networks, telecoms",284
IT,2023,not ICT,12162
HU,2025,"Computers, networks, telecoms",124
HU,2023,not ICT,3845
HR,2024,"Computers, networks, telecoms",137
DK,2025,IT services,191
IE,2023,not ICT,1817
CZ,2025,Software,581
MK,2024,not ICT,85
FI,2023,IT services,506
SE,2022,not ICT,8508
RO,2021,not ICT,18450
DE,2017,not ICT,29856
PL,2021,not ICT,27547
BG,2023,not ICT,13340
CZ,2020,not ICT,11178
IT,2018,not ICT,8670
SE,2020,not ICT,6992
PL,2021,Software,722
NO,2019,not ICT,2730
MK,2023,not ICT,296
IE,2018,not ICT,1018
CZ,2016,"Computers, networks, telecoms",598
ES,2021,"Computers, networks, telecoms",750
HR,2018,not ICT,1615
PT,2020,not ICT,2830
ES,2022,"Computers, networks, telecoms",853
CH,2017,IT services,134
BG,2023,Software,160
SI,2021,IT services,271
BE,2020,"Computers, networks, telecoms",136
CZ,2020,Software,301
DE,2017,Software,565
NL,2016,"Computers, networks, telecoms",223
LT,2016,"Computers, networks, telecoms",119
HU,2022,IT services,332
LU,2025,not ICT,569
IS,2024,not ICT,159
BG,2024,"Computers, networks, telecoms",473
IT,2025,IT services,392
FI,2025,Software,193
HR,2025,Software,91
ES,2017,IT services,950
PL,2016,IT services,378
IS,2021,not ICT,205
PT,2020,Software,66
SI,2018,IT services,190
LU,2018,"Computers, networks, telecoms",20
AT,2021,IT services,223
IT,2023,Software,172
NO,2023,IT services,420
BG,2022,IT services,246
SE,2020,Software,165
NO,2019,Software,127
IS,2019,not ICT,146
LV,2020,IT services,102
LV,2017,"Computers, networks, telecoms",43
HU,2023,Software,91
BG,2016,IT services,60
NL,2018,"Computers, networks, telecoms",318
UK,2020,IT services,466
IT,2018,Software,117
PT,2017,"Computers, networks, telecoms",65
SE,2022,Software,133
EE,2020,"Computers, networks, telecoms",84
IE,2020,IT services,130
RO,2021,Software,183
MK,2023,Software,13
IS,2024,Software,3
LU,2025,Software,20
IE,2018,Software,40
HR,2018,Software,51
CH,2023,"Computers, networks, telecoms",58
CY,2024,Software,24
EE,2023,Software,49
MK,2017,IT services,10
LI,2019,"Computers, networks, telecoms",4
IS,2021,Software,3
IE,2023,Software,63
MT,2022,IT services,37
MT,2021,IT services,22
IS,2023,IT services,15
IS,2019,Software,9
MK,2020,"Computers, networks, telecoms",11
IS,2017,IT services,2
MK,2024,Software,2
IS,2016,"Computers, networks, telecoms",2
DE,2024,not ICT,51375
CZ,2024,not ICT,13104
ES,2024,not ICT,18707
SK,2025,not ICT,1986
NL,2023,not ICT,7136
FR,2024,"Computers, networks, telecoms",635
AT,2024,IT services,273
SK,2025,Software,39
CH,2024,IT services,234
CZ,2024,Software,459
DE,2024,Software,1459
ES,2024,Software,520
FI,2019,not ICT,3344
PL,2019,not ICT,25393
SE,2021,not ICT,8215
FR,2017,not ICT,33634
GR,2019,not ICT,2779
HR,2023,not ICT,2892
RO,2020,not ICT,15251
UK,2018,not ICT,20234
FR,2018,not ICT,34995
CZ,2018,not ICT,10251
DK,2017,not ICT,2464
MT,2018,not ICT,712
CH,2019,not ICT,3034
PL,2019,Software,544
FR,2023,IT services,1587
FR,2017,Software,534
UK,2018,Software,350
EE,2016,not ICT,953
BE,2018,"Computers, networks, telecoms",172
LT,2020,IT services,314
FR,2018,Software,605
IE,2017,not ICT,869
SE,2023,IT services,611
CH,2025,IT services,259
AT,2025,"Computers, networks, telecoms",76
CZ,2018,Software,438
LT,2021,IT services,412
GR,2019,Software,25
RO,2023,IT services,378
HR,2019,IT services,151
SE,2021,Software,134
PT,2023,IT services,355
ES,2019,"Computers, networks, telecoms",582
ES,2016,"Computers, networks, telecoms",381
SI,2020,IT services,241
HR,2020,"Computers, networks, telecoms",123
MK,2016,IT services,13
NL,2023,Software,250
RO,2020,Software,138
HU,2017,IT services,177
SK,2022,"Computers, networks, telecoms",285
BE,2017,"Computers, networks, telecoms",124
FI,2016,IT services,130
AT,2018,"Computers, networks, telecoms",64
CH,2019,Software,120
CH,2018,IT services,155
AT,2023,"Computers, networks, telecoms",88
AT,2019,"Computers, networks, telecoms",75
GR,2023,"Computers, networks, telecoms",218
AT,2020,"Computers, networks, telecoms",86
SK,2018,"Computers, networks, telecoms",66
RO,2018,IT services,77
EE,2017,"Computers, networks, telecoms",61
RO,2016,IT services,79
FI,2019,Software,55
MT,2018,Software,32
HR,2023,Software,79
DK,2017,Software,20
IE,2025,"Computers, networks, telecoms",99
IE,2017,Software,29
LU,2019,"Computers, networks, telecoms",35
EE,2016,Software,30
GR,2020,IT services,55
CY,2019,IT services,19
LI,2025,IT services,10
LI,2021,"Computers, networks, telecoms",3
IS,2020,IT services,4
PL,2024,not ICT,32180
LU,2024,not ICT,438
DE,2025,Software,1655
DE,2025,not ICT,53390
RO,2024,not ICT,11537
GR,2025,not ICT,2262
LV,2023,not ICT,4841
NL,2024,IT services,504
RO,2024,Software,270
PL,2024,Software,598
NO,2024,IT services,360
IT,2024,"Computers, networks, telecoms",185
PT,2016,not ICT,2218
SE,2017,not ICT,5749
FI,2017,not ICT,2628
BG,2017,not ICT,7985
BG,2018,"Computers, networks, telecoms",290
FI,2022,not ICT,4440
NO,2018,not ICT,2616
GR,2021,not ICT,3381
CZ,2023,IT services,980
DE,2020,IT services,1719
ES,2018,IT services,1030
BE,2019,not ICT,4292
FI,2017,Software,75
CZ,2022,"Computers, networks, telecoms",1446
CZ,2017,IT services,325
LT,2023,not ICT,5404
BE,2021,IT services,263
IT,2020,IT services,352
NO,2018,Software,147
GR,2024,IT services,126
SI,2025,"Computers, networks, telecoms",114
GR,2025,Software,59
MT,2020,not ICT,365
RO,2022,IT services,298
MT,2020,Software,2
AT,2022,IT services,280
UK,2019,"Computers, networks, telecoms",273
BE,2019,Software,136
FI,2022,Software,42
GR,2022,IT services,145
CH,2021,IT services,174
HR,2021,IT services,171
CH,2016,IT services,216
LU,2023,"Computers, networks, telecoms",26
HU,2018,"Computers, networks, telecoms",102
LV,2023,Software,45
NL,2020,IT services,436
BG,2017,Software,98
DK,2022,IT services,181
LT,2023,Software,155
UK,2022,"Computers, networks, telecoms",11
BG,2021,IT services,265
SE,2017,Software,178
SE,2018,"Computers, networks, telecoms",192
EE,2024,"Computers, networks, telecoms",77
MT,2019,IT services,13
LV,2022,"Computers, networks, telecoms",138
LU,2020,"Computers, networks, telecoms",25
LU,2024,Software,9
GR,2021,Software,18
MK,2019,"Computers, networks, telecoms",35
PT,2016,Software,13
IS,2022,"Computers, networks, telecoms",2
LI,2023,"Computers, networks, telecoms",2
LI,2020,"Computers, networks, telecoms",1
IT,2025,not ICT,12378
DK,2025,not ICT,3085
FI,2025,IT services,428
HU,2023,IT services,343
FI,2023,not ICT,4837
CZ,2025,IT services,677
PL,2016,not ICT,16075
MT,2022,not ICT,688
CH,2017,not ICT,2755
ES,2017,not ICT,11121
UK,2020,not ICT,16844
BG,2022,not ICT,11805
MK,2017,not ICT,567
PL,2021,IT services,814
SI,2021,not ICT,6791
NO,2023,not ICT,3167
BG,2019,"Computers, networks, telecoms",270
ES,2017,Software,210
BG,2016,not ICT,5458
HU,2022,not ICT,4194
HR,2018,IT services,122
PL,2018,"Computers, networks, telecoms",1366
DE,2017,IT services,811
SI,2018,not ICT,5235
RO,2021,IT services,326
BG,2023,IT services,294
AT,2021,Software,96
SE,2020,IT services,381
AT,2021,not ICT,3543
LV,2020,not ICT,2607
SI,2019,"Computers, networks, telecoms",293
HU,2022,Software,87
IT,2023,IT services,458
ES,2020,"Computers, networks, telecoms",680
SE,2022,IT services,584
IE,2020,not ICT,1127
NO,2019,IT services,226
MT,2021,not ICT,510
BG,2020,"Computers, networks, telecoms",309
IT,2018,IT services,313
HR,2025,IT services,255
LU,2025,IT services,77
EE,2023,IT services,126
DE,2023,"Computers, networks, telecoms",1534
UK,2020,Software,198
CZ,2020,IT services,536
BE,2016,"Computers, networks, telecoms",157
PT,2020,IT services,141
IE,2018,IT services,93
PL,2016,Software,246
LU,2021,"Computers, networks, telecoms",39
MK,2017,Software,17
IE,2023,IT services,174
LV,2018,"Computers, networks, telecoms",68
FI,2021,"Computers, networks, telecoms",61
BG,2016,Software,80
LV,2019,"Computers, networks, telecoms",80
SI,2023,"Computers, networks, telecoms",141
SI,2021,Software,88
BG,2022,Software,120
SK,2019,"Computers, networks, telecoms",101
IS,2023,not ICT,261
NO,2023,Software,124
IT,2025,Software,143
IS,2024,IT services,7
FI,2023,Software,87
GR,2017,"Computers, networks, telecoms",38
IE,2020,Software,40
IS,2017,not ICT,75
SI,2018,Software,63
DK,2025,Software,36
CY,2023,"Computers, networks, telecoms",18
MT,2022,Software,10
CH,2017,Software,99
CY,2024,IT services,46
SK,2017,"Computers, networks, telecoms",43
LV,2020,Software,46
MK,2024,IT services,4
CY,2016,"Computers, networks, telecoms",4
MT,2021,Software,4
IS,2021,IT services,9
MK,2023,IT services,13
IS,2017,Software,4
IS,2023,Software,5
IS,2019,IT services,2
BG,2024,IT services,416
DE,2023,not ICT,51283
LT,2025,IT services,616
DE,2023,Software,1405
HR,2024,IT services,219
CH,2023,IT services,188
LT,2016,IT services,152
GR,2017,not ICT,1296
SK,2019,not ICT,1651
FI,2021,not ICT,3971
ES,2020,not ICT,16357
BG,2020,not ICT,8912
SI,2019,not ICT,6120
SI,2021,"Computers, networks, telecoms",351
LV,2018,not ICT,2125
PL,2018,not ICT,24925
SI,2023,not ICT,2808
BG,2019,not ICT,9388
ES,2020,Software,301
SK,2017,not ICT,1239
BE,2016,not ICT,3340
BG,2022,"Computers, networks, telecoms",522
ES,2022,IT services,1853
LV,2019,not ICT,2531
LU,2021,not ICT,695
ES,2021,IT services,1567
LV,2018,Software,31
PL,2018,Software,589
ES,2017,"Computers, networks, telecoms",462
NO,2023,"Computers, networks, telecoms",131
NL,2018,IT services,353
SI,2019,Software,72
BE,2020,IT services,214
CY,2023,not ICT,596
DK,2025,"Computers, networks, telecoms",42
HU,2025,IT services,203
IT,2025,"Computers, networks, telecoms",235
FI,2021,Software,62
LV,2020,"Computers, networks, telecoms",165
CZ,2016,IT services,297
PT,2017,IT services,74
HU,2022,"Computers, networks, telecoms",159
BG,2016,"Computers, networks, telecoms",130
NL,2016,IT services,318
BG,2020,Software,88
BE,2016,Software,101
LV,2017,IT services,89
UK,2020,"Computers, networks, telecoms",168
CY,2016,not ICT,378
SI,2018,"Computers, networks, telecoms",254
EE,2020,IT services,171
AT,2021,"Computers, networks, telecoms",67
PL,2016,"Computers, networks, telecoms",710
SK,2017,Software,31
FI,2023,"Computers, networks, telecoms",107
CY,2023,Software,9
BG,2019,Software,147
LU,2018,IT services,47
CH,2017,"Computers, networks, telecoms",86
LU,2021,Software,12
SI,2023,Software,86
MK,2017,"Computers, networks, telecoms",35
IE,2020,"Computers, networks, telecoms",46
SK,2019,Software,42
MT,2021,"Computers, networks, telecoms",21
LV,2019,Software,34
MK,2020,IT services,5
MT,2022,"Computers, networks, telecoms",24
IS,2023,"Computers, networks, telecoms",8
GR,2017,Software,17
CY,2016,Software,5
IS,2017,"Computers, networks, telecoms",2
IS,2016,IT services,2
SI,2025,not ICT,2924
DE,2025,"Computers, networks, telecoms",1190
SI,2025,Software,117
IT,2024,not ICT,7237
EE,2024,not ICT,1902
RO,2024,"Computers, networks, telecoms",664
BE,2025,IT services,456
GR,2025,"Computers, networks, telecoms",102
IE,2024,IT services,286
PL,2024,"Computers, networks, telecoms",1485
SE,2024,IT services,562
IT,2024,Software,136
RO,2025,IT services,282
MK,2019,not ICT,560
UK,2019,not ICT,19975
CZ,2022,not ICT,15165
HU,2018,not ICT,2814
NO,2021,IT services,476
BG,2018,not ICT,8563
NL,2017,IT services,299
SE,2018,not ICT,6664
GR,2021,"Computers, networks, telecoms",113
LV,2022,not ICT,4150
BG,2017,"Computers, networks, telecoms",246
SE,2017,"Computers, networks, telecoms",190
LI,2020,not ICT,41
UK,2022,not ICT,1903
SK,2020,IT services,125
UK,2019,Software,398
NO,2018,"Computers, networks, telecoms",88
LT,2023,"Computers, networks, telecoms",289
LU,2023,not ICT,775
DK,2024,IT services,204
LV,2024,IT services,142
SK,2023,IT services,209
SE,2019,IT services,238
LT,2019,IT services,242
BG,2018,Software,115
IE,2019,IT services,121
FI,2022,"Computers, networks, telecoms",143
AT,2016,IT services,55
IT,2016,IT services,364
SE,2018,Software,244
EE,2018,IT services,111
CZ,2022,Software,322
LU,2020,not ICT,665
IS,2022,not ICT,175
PT,2016,"Computers, networks, telecoms",43
FI,2017,"Computers, networks, telecoms",46
BE,2019,"Computers, networks, telecoms",181
HU,2018,Software,62
LV,2023,"Computers, networks, telecoms",136
NO,2017,IT services,163
LI,2023,not ICT,68
CY,2025,IT services,70
EE,2024,Software,59
RO,2017,IT services,87
GR,2018,IT services,35
LU,2020,Software,10
UK,2022,Software,11
LU,2023,Software,12
MK,2019,Software,22
MT,2020,"Computers, networks, telecoms",21
LV,2022,Software,32
LI,2022,IT services,7
LU,2024,"Computers, networks, telecoms",14
IS,2022,Software,4
LI,2020,Software,2
LI,2023,Software,2
DK,2023,not ICT,3017
FI,2024,not ICT,4631
SE,2025,"Computers, networks, telecoms",140
PT,2024,IT services,516
BE,2024,IT services,446
FR,2022,not ICT,34317
PL,2022,not ICT,33939
LT,2022,not ICT,4736
UK,2021,not ICT,6508
UK,2021,Software,86
CZ,2019,not ICT,10755
DE,2019,not ICT,42044
PL,2017,not ICT,20490
UK,2017,not ICT,16552
PL,2020,not ICT,25789
CZ,2021,not ICT,13039
BE,2022,not ICT,3934
LT,2022,Software,152
HU,2019,not ICT,3030
PT,2022,not ICT,2695
PL,2023,IT services,898
FR,2016,IT services,1293
SK,2016,not ICT,1008
NO,2020,not ICT,2898
DK,2016,not ICT,2291
IE,2021,not ICT,1294
PL,2022,Software,818
PL,2020,Software,611
MK,2021,not ICT,260
DE,2018,"Computers, networks, telecoms",1004
DK,2020,IT services,214
LU,2017,not ICT,481
NL,2019,"Computers, networks, telecoms",340
BE,2022,Software,98
CZ,2021,Software,267
DE,2019,Software,794
BE,2023,"Computers, networks, telecoms",164
FR,2022,Software,453
FR,2021,IT services,1543
DE,2016,"Computers, networks, telecoms",780
PL,2017,Software,393
FR,2020,"Computers, networks, telecoms",914
IT,2021,IT services,435
FR,2019,IT services,1290
CH,2022,"Computers, networks, telecoms",69
LT,2024,IT services,514
LV,2025,"Computers, networks, telecoms",86
BG,2025,"Computers, networks, telecoms",444
CY,2018,IT services,11
EE,2019,not ICT,1439
MT,2016,not ICT,292
MK,2022,"Computers, networks, telecoms",12
HR,2022,IT services,207
CH,2020,IT services,144
EE,2022,IT services,219
CZ,2019,Software,358
LT,2018,IT services,214
HU,2019,Software,35
IT,2022,IT services,422
SK,2021,"Computers, networks, telecoms",215
PT,2022,Software,106
LV,2016,IT services,78
UK,2017,Software,306
MT,2017,"Computers, networks, telecoms",21
NO,2020,Software,65
LU,2016,IT services,26
DK,2018,IT services,168
IS,2018,Software,12
IS,2018,not ICT,119
FI,2024,Software,137
UK,2025,not ICT,125
MK,2025,Software,10
HR,2017,IT services,90
DK,2023,Software,46
CY,2017,"Computers, networks, telecoms",4
IE,2021,Software,42
MK,2025,not ICT,73
LU,2017,Software,10
EE,2019,Software,35
MK,2021,Software,10
MK,2018,"Computers, networks, telecoms",42
AT,2017,"Computers, networks, telecoms",44
DK,2016,Software,25
SK,2016,Software,10
MT,2016,Software,6
LI,2024,"Computers, networks, telecoms",1
CY,2022,"Computers, networks, telecoms",9
UK,2023,"Computers, networks, telecoms",4
PL,2024,IT services,857
SK,2023,"Computers, networks, telecoms",303
NO,2024,not ICT,2661
GR,2024,not ICT,2086
NL,2024,not ICT,7078
RO,2025,"Computers, networks, telecoms",544
DE,2025,IT services,2006
BE,2025,"Computers, networks, telecoms",169
GR,2025,IT services,167
NL,2024,Software,241
RO,2022,not ICT,22178
CZ,2017,not ICT,7576
CH,2016,not ICT,3301
IT,2020,not ICT,9217
DE,2020,not ICT,46001
AT,2022,not ICT,3891
ES,2018,not ICT,12826
BG,2021,not ICT,11182
CZ,2023,not ICT,16529
NL,2020,Software,248
BE,2021,not ICT,3967
GR,2022,not ICT,3938
DK,2022,not ICT,2935
HR,2021,not ICT,2501
LV,2023,IT services,171
NL,2020,not ICT,5950
CH,2021,not ICT,2914
LT,2023,IT services,464
DE,2020,Software,935
CZ,2017,Software,212
SK,2020,"Computers, networks, telecoms",126
IT,2016,"Computers, networks, telecoms",159
MT,2019,not ICT,635
BG,2017,IT services,99
RO,2024,IT services,224
DK,2024,"Computers, networks, telecoms",45
SE,2017,IT services,245
FI,2017,IT services,166
BG,2021,Software,105
CH,2021,Software,63
PT,2016,IT services,54
LT,2019,"Computers, networks, telecoms",134
NO,2021,"Computers, networks, telecoms",163
SE,2019,"Computers, networks, telecoms",216
ES,2018,Software,249
NL,2017,"Computers, networks, telecoms",250
GR,2022,Software,53
RO,2022,Software,228
AT,2022,Software,87
NO,2017,"Computers, networks, telecoms",97
RO,2017,"Computers, networks, telecoms",162
FI,2022,IT services,443
IT,2020,Software,109
GR,2018,"Computers, networks, telecoms",75
BE,2021,Software,77
GR,2021,IT services,106
BE,2019,IT services,198
CZ,2023,Software,369
LV,2024,"Computers, networks, telecoms",41
SE,2024,"Computers, networks, telecoms",133
IE,2024,"Computers, networks, telecoms",51
CH,2016,Software,78
NO,2018,IT services,188
IE,2019,"Computers, networks, telecoms",46
EE,2018,"Computers, networks, telecoms",70
HR,2021,Software,52
DK,2022,Software,37
GR,2024,Software,43
NO,2024,Software,51
AT,2016,"Computers, networks, telecoms",41
MT,2020,IT services,12
LU,2024,IT services,59
CY,2025,"Computers, networks, telecoms",28
MT,2019,Software,16
LI,2018,not ICT,11
