a,b,agreement,factor
gm_flash_v1_en,gm_flash_v1_fr,0.931710286062082,Label language
gm_flash_v1_en,gm_flash_v1_shuf,0.907121119902617,Batch order
gm_flash_v1_en,gm_flash_v2_en,0.940474741326841,Prompt wording
gm_flash_v1_en,gm_pro_v1_en,0.897626293365794,Model size (same family)
gm_flash_v1_en,oa_large_v1_en,0.913694461351187,Model family
gm_flash_v1_en,oa_mini_v1_en,0.834449178332319,Model family
gm_flash_v1_en,oa_mini_v1_fr,0.82945830797322,Several factors
gm_flash_v1_en,oa_mini_v1_rep,0.837979306147292,Several factors
gm_flash_v1_en,oa_mini_v1_shuf,0.813511868533171,Several factors
gm_flash_v1_en,oa_mini_v2_en,0.805112598904443,Several factors
gm_flash_v1_fr,gm_flash_v1_shuf,0.902738892270237,Several factors
gm_flash_v1_fr,gm_flash_v2_en,0.93134510042605,Several factors
gm_flash_v1_fr,gm_pro_v1_en,0.903590992087645,Several factors
gm_flash_v1_fr,oa_large_v1_en,0.909312233718807,Several factors
gm_flash_v1_fr,oa_mini_v1_en,0.833597078514912,Several factors
gm_flash_v1_fr,oa_mini_v1_fr,0.83542300669507,Model family
gm_flash_v1_fr,oa_mini_v1_rep,0.838101034692635,Several factors
gm_flash_v1_fr,oa_mini_v1_shuf,0.816798539257456,Several factors
gm_flash_v1_fr,oa_mini_v2_en,0.808277541083384,Several factors
gm_flash_v1_shuf,gm_flash_v2_en,0.905295191722459,Several factors
gm_flash_v1_shuf,gm_pro_v1_en,0.875715155203895,Several factors
gm_flash_v1_shuf,oa_large_v1_en,0.891783323189288,Several factors
gm_flash_v1_shuf,oa_mini_v1_en,0.823615337796713,Several factors
gm_flash_v1_shuf,oa_mini_v1_fr,0.819598295800365,Several factors
gm_flash_v1_shuf,oa_mini_v1_rep,0.825319537431528,Several factors
gm_flash_v1_shuf,oa_mini_v1_shuf,0.817163724893488,Model family
gm_flash_v1_shuf,oa_mini_v2_en,0.804017041996348,Several factors
gm_flash_v2_en,gm_pro_v1_en,0.914668289713938,Several factors
gm_flash_v2_en,oa_large_v1_en,0.903712720632988,Several factors
gm_flash_v2_en,oa_mini_v1_en,0.830797321972002,Several factors
gm_flash_v2_en,oa_mini_v1_fr,0.826536822884967,Several factors
gm_flash_v2_en,oa_mini_v1_rep,0.836762020693853,Several factors
gm_flash_v2_en,oa_mini_v1_shuf,0.812781497261108,Several factors
gm_flash_v2_en,oa_mini_v2_en,0.801095556908095,Model family
gm_pro_v1_en,oa_large_v1_en,0.876202069385271,Model family
gm_pro_v1_en,oa_mini_v1_en,0.832866707242849,Model family
gm_pro_v1_en,oa_mini_v1_fr,0.835301278149726,Several factors
gm_pro_v1_en,oa_mini_v1_rep,0.844552647595861,Several factors
gm_pro_v1_en,oa_mini_v1_shuf,0.815702982349361,Several factors
gm_pro_v1_en,oa_mini_v2_en,0.807425441265977,Several factors
oa_large_v1_en,oa_mini_v1_en,0.838466220328667,Model size (same family)
oa_large_v1_en,oa_mini_v1_fr,0.826293365794279,Several factors
oa_large_v1_en,oa_mini_v1_rep,0.839440048691418,Several factors
oa_large_v1_en,oa_mini_v1_shuf,0.809494826536823,Several factors
oa_large_v1_en,oa_mini_v2_en,0.807912355447352,Several factors
oa_mini_v1_en,oa_mini_v1_fr,0.879245283018868,Label language
oa_mini_v1_en,oa_mini_v1_rep,0.885940353012782,Exact repeat (noise floor)
oa_mini_v1_en,oa_mini_v1_shuf,0.828241022519781,Batch order
oa_mini_v1_en,oa_mini_v2_en,0.855873402312842,Prompt wording
oa_mini_v1_fr,oa_mini_v1_rep,0.87681071211199,Several factors
oa_mini_v1_fr,oa_mini_v1_shuf,0.827023737066342,Several factors
oa_mini_v1_fr,oa_mini_v2_en,0.861594643944005,Several factors
oa_mini_v1_rep,oa_mini_v1_shuf,0.824710894704808,Several factors
oa_mini_v1_rep,oa_mini_v2_en,0.855386488131467,Several factors
oa_mini_v1_shuf,oa_mini_v2_en,0.81095556908095,Several factors
