iso3,region,v,n,country,value_eur,awards,share,share_n,name
AUT,Other parent,92656359.985,64,AT,51521256235.7027,37019,0.00179841034079429,0.00172884194602772,Austria
AUT,European parent,421546565.932155,715,AT,51521256235.7027,37019,0.0081819931564486,0.0193144061157784,Austria
AUT,US parent,58873375.6279894,180,AT,51521256235.7027,37019,0.0011427007012145,0.00486236797320295,Austria
AUT,Unknown HQ,56944909.79,13,AT,51521256235.7027,37019,0.00110527021176434,0.00035117102028688,Austria
AUT,Asian parent,2003556,17,AT,51521256235.7027,37019,3.888794929289e-05,0.000459223641913612,Austria
BEL,US parent,260113654.912036,565,BE,47027239752.7977,58698,0.00553112741209868,0.00962554090428976,Belgium
BEL,European parent,1405137696.91954,1580,BE,47027239752.7977,58698,0.0298792296614847,0.0269174418208457,Belgium
BEL,Unknown HQ,11919164.0944737,66,BE,47027239752.7977,58698,0.000253452342878886,0.00112439946846571,Belgium
BEL,Other parent,9521766.14789474,35,BE,47027239752.7977,58698,0.000202473421743369,0.00059627244539848,Belgium
BEL,Asian parent,151364792.581667,97,BE,47027239752.7977,58698,0.00321866206431267,0.00165252649153293,Belgium
CHE,Domestic parent,30570475.7128889,69,CH,54150424447.0887,28599,0.000564547296259143,0.00241267177174027,Switzerland
CHE,European parent,352283306.963892,451,CH,54150424447.0887,28599,0.00650564257918447,0.0157697821602154,Switzerland
CHE,US parent,31342966.7516667,50,CH,54150424447.0887,28599,0.000578812946928836,0.00174831287807266,Switzerland
CHE,Unknown HQ,16311585.87,25,CH,54150424447.0887,28599,0.000301227294828286,0.00087415643903633,Switzerland
CHE,Asian parent,11384457.58,21,CH,54150424447.0887,28599,0.000210237642571462,0.000734291408790517,Switzerland
CZE,US parent,944811743.606872,2561,CZ,94707478176.2064,201303,0.00997610496870182,0.0127221154180514,Czechia
CZE,European parent,3697269813.16376,6668,CZ,94707478176.2064,201303,0.0390388371051847,0.0331241958639464,Czechia
CZE,Asian parent,24601742.8041667,75,CZ,94707478176.2064,201303,0.000259765577945115,0.000372572688931611,Czechia
CZE,Unknown HQ,913116386.007188,4666,CZ,94707478176.2064,201303,0.00964143913016355,0.0231789888873986,Czechia
CZE,Other parent,70563168.284824,120,CZ,94707478176.2064,201303,0.000745064377635934,0.000596116302290577,Czechia
DEU,Domestic parent,4656431770.87256,7959,DE,230746592930.888,518079,0.0201798505959619,0.0153625219319833,Germany
DEU,US parent,1088900061.69936,3124,DE,230746592930.888,518079,0.00471902985811582,0.00602996840250232,Germany
DEU,European parent,1139745330.63164,2293,DE,230746592930.888,518079,0.00493938097267166,0.00442596592411582,Germany
DEU,Unknown HQ,127161110.197874,663,DE,230746592930.888,518079,0.000551085537527139,0.00127972760910981,Germany
DEU,Asian parent,66328809.6197604,443,DE,230746592930.888,518079,0.000287453040052586,0.000855081946961757,Germany
DEU,Other parent,215000,41,DE,230746592930.888,518079,9.3175806961707e-07,7.91385097639549e-05,Germany
DNK,US parent,297949107.326917,1252,DK,71339233288.5593,51800,0.00417651120697843,0.0241698841698842,Denmark
DNK,Asian parent,91900778.7461204,246,DK,71339233288.5593,51800,0.00128822212560642,0.00474903474903475,Denmark
DNK,European parent,707245511.382819,1260,DK,71339233288.5593,51800,0.00991383673163531,0.0243243243243243,Denmark
DNK,Other parent,392965966.027143,16,DK,71339233288.5593,51800,0.00550841308369042,0.000308880308880309,Denmark
DNK,Unknown HQ,28590329.5754827,231,DK,71339233288.5593,51800,0.00040076586553486,0.00445945945945946,Denmark
ESP,European parent,13417264612.1991,11687,ES,240651340153.697,280434,0.0557539575870633,0.0416746899448712,Spain
ESP,US parent,6092691707.06604,9419,ES,240651340153.697,280434,0.0253175058288677,0.0335872255147379,Spain
ESP,Asian parent,729842974.617181,734,ES,240651340153.697,280434,0.00303278167556039,0.00261737164537824,Spain
ESP,Other parent,177300947.835004,272,ES,240651340153.697,280434,0.000736754458636164,0.00096992518738812,Spain
ESP,Unknown HQ,661733254.113885,883,ES,240651340153.697,280434,0.0027497592728603,0.00314869095758717,Spain
ESP,Domestic parent,2530715000.59053,784,ES,240651340153.697,280434,0.0105161059937345,0.00279566671658929,Spain
FIN,Asian parent,32345583.8240741,54,FI,59047049501.7778,62797,0.0005477933969097,0.000859913690144434,Finland
FIN,US parent,369863441.112728,368,FI,59047049501.7778,62797,0.00626387675986404,0.00586015255505836,Finland
FIN,European parent,1027149882.92771,862,FI,59047049501.7778,62797,0.0173954480637815,0.0137267703871204,Finland
FIN,Unknown HQ,11684375.4722222,29,FI,59047049501.7778,62797,0.000197882461034237,0.000461805500262751,Finland
FIN,Other parent,31853338.8,35,FI,59047049501.7778,62797,0.000539456908834047,0.000557351465834355,Finland
FRA,US parent,1553533973.14442,9903,FR,482157728539.117,790863,0.00322204515491529,0.012521764199362,France
FRA,European parent,2311465267.94019,6189,FR,482157728539.117,790863,0.00479400231734057,0.00782562845903779,France
FRA,Domestic parent,10707104070.703,13645,FR,482157728539.117,790863,0.0222066420114104,0.0172533043017564,France
FRA,Unknown HQ,396135387.108013,528,FR,482157728539.117,790863,0.00082158879482915,0.00066762511332557,France
FRA,Asian parent,141725921.543368,586,FR,482157728539.117,790863,0.000293940993070425,0.000740962720471182,France
FRA,Other parent,340468709.91876,103,FR,482157728539.117,790863,0.000706135543964713,0.000130237474758587,France
GBR,Unknown HQ,3310769821.01058,1323,UK,323251444426.935,209289,0.0102420882507732,0.00632140246262345,United Kingdom
GBR,US parent,4499608228.23795,1403,UK,323251444426.935,209289,0.0139198395113591,0.00670364902120991,United Kingdom
GBR,European parent,6551225419.30925,1189,UK,323251444426.935,209289,0.0202666547427912,0.00568113947699115,United Kingdom
GBR,Asian parent,528195898.833491,165,UK,323251444426.935,209289,0.00163400940023604,0.000788383527084558,United Kingdom
GBR,Domestic parent,1938707017.62746,270,UK,323251444426.935,209289,0.00599752004531466,0.00129008213522928,United Kingdom
GBR,Other parent,274415606.415261,108,UK,323251444426.935,209289,0.000848923063288238,0.000516032854091711,United Kingdom
GRC,US parent,2639220.21991689,24,GR,30208604777.0817,55551,8.73665049873201e-05,0.000432035426905006,Greece
GRC,European parent,90114972.9267668,151,GR,30208604777.0817,55551,0.00298308953994241,0.00271822289427733,Greece
GRC,Unknown HQ,5182203.47258216,33,GR,30208604777.0817,55551,0.000171547263133243,0.000594048711994384,Greece
HUN,European parent,575865548.364349,555,HU,64786143652.2373,71455,0.00888871471429928,0.00776712616331957,Hungary
HUN,US parent,135644091.06912,584,HU,64786143652.2373,71455,0.00209372071591787,0.00817297599888041,Hungary
HUN,Unknown HQ,48380628.5465114,148,HU,64786143652.2373,71455,0.00074677432270412,0.00207123364355189,Hungary
HUN,Asian parent,591825,14,HU,64786143652.2373,71455,9.13505522379649e-06,0.000195927506822476,Hungary
ITA,Unknown HQ,882973358.757019,949,IT,307632125648.225,182455,0.00287022480794705,0.00520128250801568,Italy
ITA,US parent,4489493603.04791,7101,IT,307632125648.225,182455,0.0145937086173556,0.038919185552602,Italy
ITA,European parent,4586240957.7834,5928,IT,307632125648.225,182455,0.0149081990319429,0.0324902030637692,Italy
ITA,Domestic parent,879269853.153815,227,IT,307632125648.225,182455,0.00285818606005815,0.00124414239127456,Italy
ITA,Asian parent,1173298754.01762,303,IT,307632125648.225,182455,0.00381396693061661,0.00166068345619468,Italy
ITA,Other parent,1677475541.93315,101,IT,307632125648.225,182455,0.00545286204553074,0.000553561152064893,Italy
NLD,US parent,157819195.060476,253,NL,71718399263.4647,72902,0.00220053984307028,0.00347041233436668,Netherlands
NLD,European parent,860422238.694286,514,NL,71718399263.4647,72902,0.0119972314988994,0.00705056102713232,Netherlands
NLD,Unknown HQ,1518157442.68333,232,NL,71718399263.4647,72902,0.0211683118735853,0.00318235439356945,Netherlands
NLD,Asian parent,131176010.91,225,NL,71718399263.4647,72902,0.00182904264815103,0.00308633507997037,Netherlands
NLD,Domestic parent,13939216,10,NL,71718399263.4647,72902,0.000194360389288569,0.000137170447998683,Netherlands
NLD,Other parent,3721000,9,NL,71718399263.4647,72902,5.18834781341192e-05,0.000123453403198815,Netherlands
NOR,US parent,67905002.7899632,174,NO,66359341371.9197,38244,0.00102329229594641,0.00454973329149671,Norway
NOR,European parent,782085728.368593,562,NO,66359341371.9197,38244,0.0117856161950929,0.0146951155736848,Norway
NOR,Unknown HQ,203781445.406667,28,NO,66359341371.9197,38244,0.00307087805866768,0.000732140989436251,Norway
NOR,Other parent,23742088.2547619,58,NO,66359341371.9197,38244,0.000357780649474748,0.00151657776383224,Norway
NOR,Asian parent,51669295.2666667,53,NO,66359341371.9197,38244,0.000778628813946168,0.0013858383014329,Norway
POL,European parent,3571823307.26033,22895,PL,241442392118.661,999194,0.0147936875372942,0.0229134682554139,Poland
POL,US parent,1329895133.52728,13782,PL,241442392118.661,999194,0.005508126066253,0.0137931172525055,Poland
POL,Other parent,241031615.774916,608,PL,241442392118.661,999194,0.000998298656917118,0.000608490443297298,Poland
POL,Unknown HQ,114581818.248689,656,PL,241442392118.661,999194,0.000474572080085983,0.000656529162504979,Poland
POL,Asian parent,78773998.4857246,20,PL,241442392118.661,999194,0.000326264156822178,2.00161330032006e-05,Poland
PRT,US parent,317261626.495129,1382,PT,30487603862.7054,47320,0.0104062499606021,0.0292054099746407,Portugal
PRT,European parent,666041736.827528,1532,PT,30487603862.7054,47320,0.0218463130073098,0.0323753169907016,Portugal
PRT,Other parent,5592358.56133333,7,PT,30487603862.7054,47320,0.000183430570225111,0.00014792899408284,Portugal
PRT,Unknown HQ,52645301.3292035,137,PT,30487603862.7054,47320,0.00172677726876408,0.00289518174133559,Portugal
PRT,Asian parent,15579212.35,3,PT,30487603862.7054,47320,0.000511001534268083,6.33981403212172e-05,Portugal
ROU,European parent,955453548.077014,5883,RO,122796726562.025,545068,0.00778077376186744,0.0107931487447438,Romania
ROU,Unknown HQ,406907230.134138,17079,RO,122796726562.025,545068,0.00331366512387126,0.0313337051523847,Romania
ROU,US parent,313440074.793044,2830,RO,122796726562.025,545068,0.00255251164724431,0.00519201273969486,Romania
ROU,Other parent,32284295.79098,96,RO,122796726562.025,545068,0.000262908439783801,0.000176124813784702,Romania
ROU,Asian parent,5188518.04,6,RO,122796726562.025,545068,4.2252901891316e-05,1.10078008615439e-05,Romania
SWE,US parent,928509656.589516,1224,SE,130770747362.289,132424,0.00710028561676075,0.00924303751585815,Sweden
SWE,Unknown HQ,171152981.917418,93,SE,130770747362.289,132424,0.00130880174174774,0.000702289615175497,Sweden
SWE,European parent,2055709511.08737,1665,SE,130770747362.289,132424,0.0157199492436348,0.0125732495620129,Sweden
SWE,Asian parent,92124419.8123574,48,SE,130770747362.289,132424,0.000704472687283299,0.000362472059445418,Sweden
SWE,Domestic parent,102922682.539123,184,SE,130770747362.289,132424,0.000787046679896874,0.0013894762278741,Sweden
SWE,Other parent,116287008.300251,52,SE,130770747362.289,132424,0.000889243279906383,0.000392678064399203,Sweden
