parent,v,awards,hq,region
Vinci SA,14848098251.0077,11221,FRA,European
Siemens AG,7021192599.33988,8607,DEU,European
TotalEnergies SE,4908224997.34703,3074,FRA,European
Roche Holding AG,4712989912.22008,12442,CHE,European
Enel SpA,4354984094.64784,1120,ITA,European
Volkswagen AG,3170655188.74944,5895,DEU,European
Deutsche Telekom AG,3018438783.36692,2864,DEU,European
Medtronic PLC,2800573022.76477,23688,IRL,European
Iberdrola SA,2598554414.37307,726,ESP,European
Macquarie Group Ltd,2597049144.10611,82,AUS,Other
Compass Group PLC,2507222548.06717,1078,GBR,European
Abbott Laboratories,2471945521.213,4277,USA,United States
Johnson & Johnson,2293331319.88102,13044,USA,United States
Pfizer Inc,1952235952.26318,5146,USA,United States
GSK plc,1937186635.84206,3753,GBR,European
International Business Machines Corp,1839212635.65973,724,USA,United States
Gilead Sciences Inc,1661094954.14089,1214,USA,United States
Sanofi SA,1588436214.69519,2984,FRA,European
Constellation Software Inc,1577012621.52212,493,?,
Merck & Co Inc,1454492860.77325,2019,USA,United States
Airbus SE,1385054866.62367,257,NLD,European
Hitachi Ltd,1256102704.81389,253,JPN,Other
Motorola Solutions Inc,1221743307.69333,60,USA,United States
Novartis AG,1217210260.11179,1567,CHE,European
CSL Ltd,1188160918.69136,1223,AUS,Other
