type,year,country,notices,lag_med,lag_p90
can,2023,AT,1356,5,6
can,2023,BE,1157,3,8
can,2023,BG,4016,6,6
can,2023,CH,1000,2,3
can,2023,CY,315,5,6
can,2023,CZ,5232,6,6
can,2023,DE,12687,4,6
can,2023,DK,934,5,6
can,2023,EE,850,1,3
can,2023,ES,7136,5,6
can,2023,FI,1260,3,6
can,2023,FR,10571,6,6
can,2023,GR,1199,6,6
can,2023,HR,887,6,6
can,2023,HU,1213,4,6
can,2023,IE,469,5,6
can,2023,IS,100,4,6
can,2023,IT,3614,6,6
can,2023,LI,60,5,6
can,2023,LT,1630,6,6
can,2023,LU,291,6,8
can,2023,LV,1376,3,6
can,2023,MK,76,5,6
can,2023,MT,229,5,6
can,2023,NL,2005,2,6
can,2023,NO,1091,6,6
can,2023,PL,11307,6,6
can,2023,PT,1203,6,6
can,2023,RO,5739,6,6
can,2023,SE,2926,5,6
can,2023,SI,863,6,6
can,2023,SK,1067,2,6
can,2023,UK,729,5,5
can,2024,AT,5597,1,4
can,2024,BE,5458,2,4
can,2024,BG,15948,1,4
can,2024,CH,4080,1,3
can,2024,CY,787,1,6
can,2024,CZ,22129,1,4
can,2024,DE,57941,1,3
can,2024,DK,3361,1,4
can,2024,EE,3552,1,3
can,2024,ES,25926,1,3
can,2024,FI,5390,1,3
can,2024,FR,32887,2,4
can,2024,GR,2879,1,5
can,2024,HR,3872,2,5
can,2024,HU,4192,2,4
can,2024,IE,2905,2,4
can,2024,IS,180,1,4
can,2024,IT,8218,2,6
can,2024,LI,65,3,5
can,2024,LT,6927,1,4
can,2024,LU,554,3,7
can,2024,LV,5541,1,3
can,2024,MK,103,3,5.8
can,2024,MT,918,1,4
can,2024,NL,8343,1,3
can,2024,NO,3198,1,3
can,2024,PL,41617,1,4
can,2024,PT,4873,2,5
can,2024,RO,25500,1,4
can,2024,SE,8852,1,4
can,2024,SI,3732,1,3
can,2024,SK,4097,1,3
can,2024,UK,85,5,5
can,2025,AT,5652,1,3
can,2025,BE,5958,2,4
can,2025,BG,17493,1,3
can,2025,CH,5242,1,3
can,2025,CY,1068,1,3
can,2025,CZ,27530,1,3
can,2025,DE,60808,1,3
can,2025,DK,3656,1,4
can,2025,EE,4003,1,4
can,2025,ES,30267,1,3
can,2025,FI,5569,1,3
can,2025,FR,33767,2,4
can,2025,GR,3685,1,3
can,2025,HR,5898,2,4
can,2025,HU,4435,1,3
can,2025,IE,4281,2,4
can,2025,IS,188,2,3
can,2025,IT,13922,1,4
can,2025,LI,45,1,3
can,2025,LT,7253,1,3
can,2025,LU,732,3,5
can,2025,LV,6669,1,3
can,2025,MK,117,1,4
can,2025,MT,1071,1,3
can,2025,NL,8812,1,4
can,2025,NO,3353,1,4
can,2025,PL,47494,1,3
can,2025,PT,6550,2,4
can,2025,RO,24460,1,3
can,2025,SE,8940,1.5,4
can,2025,SI,4316,1,3
can,2025,SK,4656,1,3
can,2025,UK,129,2,4
can,2026,AT,4125,1,3
can,2026,BE,4587,2,4
can,2026,BG,11637,1,3
can,2026,CH,4225,1,3
can,2026,CY,640,1,3
can,2026,CZ,20671,1,3
can,2026,DE,45356,1,3
can,2026,DK,2454,1,4
can,2026,EE,3068,1,3
can,2026,ES,22653,1,3
can,2026,FI,4796,1,3
can,2026,FR,23430,2,4
can,2026,GR,2905,1,3
can,2026,HR,6211,2,4
can,2026,HU,3648,2,4
can,2026,IE,3770,2,4
can,2026,IS,189,2,4
can,2026,IT,13570,1,4
can,2026,LI,59,1,3
can,2026,LT,6556,1,3
can,2026,LU,602,3,5
can,2026,LV,5276,1,3
can,2026,MK,51,1,3
can,2026,MT,706,1,3
can,2026,NL,6926,1,4
can,2026,NO,2530,1,4
can,2026,PL,38115,1,3
can,2026,PT,5519,2,4
can,2026,RO,18001,1,3
can,2026,SE,6865,2,4
can,2026,SI,3830,1,3
can,2026,SK,3624,1,3
can,2026,UK,66,2,4
cn,2023,AT,1449,3,6
cn,2023,BE,3163,2,4
cn,2023,BG,1909,6,6
cn,2023,CH,1423,2,3
cn,2023,CY,157,5,6
cn,2023,CZ,2242,6,6
cn,2023,DE,18304,2,6
cn,2023,DK,972,3,6
cn,2023,EE,852,1,4
cn,2023,ES,5961,4,6
cn,2023,FI,1876,1,3
cn,2023,FR,13479,6,6
cn,2023,GR,1188,6,6
cn,2023,HR,868,6,6
cn,2023,HU,1040,3,6
cn,2023,IE,1033,3,6
cn,2023,IS,73,4,6
cn,2023,IT,3658,6,6
cn,2023,LI,7,1,1.8
cn,2023,LT,1450,2,6
cn,2023,LU,356,6,6
cn,2023,LV,1093,3,6
cn,2023,MK,287,6,6
cn,2023,MT,224,2,6
cn,2023,NL,2439,2,5
cn,2023,NO,2099,2,6
cn,2023,PL,10020,4,6
cn,2023,PT,1530,6,6
cn,2023,RO,2468,5,6
cn,2023,SE,3231,3,6
cn,2023,SI,723,6,6
cn,2023,SK,1044,2,5
cn,2023,UK,32,5,5
cn,2024,AT,6759,1,4
cn,2024,BE,13056,2,4
cn,2024,BG,8482,1,4
cn,2024,CH,5876,2,3
cn,2024,CY,1145,1,3
cn,2024,CZ,17196,1,4
cn,2024,DE,88078,1,4
cn,2024,DK,3707,2,4
cn,2024,EE,3342,1,4
cn,2024,ES,27233,1,3
cn,2024,FI,7171,1,3
cn,2024,FR,59830,2,4
cn,2024,GR,4676,1,4
cn,2024,HR,6146,2,4
cn,2024,HU,4117,1,4
cn,2024,IE,5111,2,4
cn,2024,IS,383,2,4
cn,2024,IT,16429,2,4
cn,2024,LI,80,1,3
cn,2024,LT,6828,1,4
cn,2024,LU,1532,3,5
cn,2024,LV,5360,1,4
cn,2024,MK,1063,1,4
cn,2024,MT,1142,1,3
cn,2024,NL,10563,2,4
cn,2024,NO,7037,1,4
cn,2024,PL,51432,1,4
cn,2024,PT,7327,2,4
cn,2024,RO,14995,2,41
cn,2024,SE,13090,2,4
cn,2024,SI,5599,1,3
cn,2024,SK,4029,1,4
cn,2024,UK,133,3,4
cn,2025,AT,6681,1,4
cn,2025,BE,13363,2,4
cn,2025,BG,9610,1,4
cn,2025,CH,6301,1,3
cn,2025,CY,1222,1,3
cn,2025,CZ,19153,1,4
cn,2025,DE,88042,1,4
cn,2025,DK,3767,2,4
cn,2025,EE,3568,1,4
cn,2025,ES,28975,1,3
cn,2025,FI,7262,1,3
cn,2025,FR,62038,2,4
cn,2025,GR,5105,1,3
cn,2025,HR,7587,2,4
cn,2025,HU,4453,1,3
cn,2025,IE,5599,2,4
cn,2025,IS,414,2,4
cn,2025,IT,17681,2,4
cn,2025,LI,89,1,3
cn,2025,LT,8362,1,3
cn,2025,LU,1737,3,5
cn,2025,LV,6205,1,4
cn,2025,MK,1243,1,4
cn,2025,MT,1259,1,3
cn,2025,NL,10992,2,4
cn,2025,NO,7481,2,4
cn,2025,PL,61146,1,4
cn,2025,PT,9213,2,4
cn,2025,RO,14677,3,48
cn,2025,SE,13559,2,4
cn,2025,SI,6291,1,3
cn,2025,SK,4162,1,4
cn,2025,UK,75,2,4
cn,2026,AT,4744,1,4
cn,2026,BE,10269,2,4
cn,2026,BG,6001,1,4
cn,2026,CH,4721,1,3
cn,2026,CY,792,1,3
cn,2026,CZ,13906,1,4
cn,2026,DE,68049,1,4
cn,2026,DK,2818,2,4
cn,2026,EE,2606,1,3
cn,2026,ES,21486,1,3
cn,2026,FI,5742,1,3
cn,2026,FR,42183,2,4
cn,2026,GR,3953,1,3
cn,2026,HR,5937,2,4
cn,2026,HU,3403,1,3
cn,2026,IE,4472,2,4
cn,2026,IS,349,2,4
cn,2026,IT,14193,1,4
cn,2026,LI,103,1,3.8
cn,2026,LT,5769,1,3
cn,2026,LU,1466,3,5
cn,2026,LV,4915,2,4
cn,2026,MK,928,1,3
cn,2026,MT,949,1,3
cn,2026,NL,7978,2,4
cn,2026,NO,5540,2,4
cn,2026,PL,49960,1,3
cn,2026,PT,6797,2,4
cn,2026,RO,10509,2,4
cn,2026,SE,9491,2,4
cn,2026,SI,4747,1,3
cn,2026,SK,3216,1,4
cn,2026,UK,43,2,4
