type,year,country,with_value,under_1k,over_1bn,over_10bn,max_value
can,2016,AT,1525,14,0,0,300857384
can,2016,BE,2199,22,1,0,3373790000
can,2016,BG,5228,232,0,0,79251457
can,2016,CH,58,5,0,0,16444410
can,2016,CY,360,0,0,0,53377940
can,2016,CZ,5194,158,2,0,1.5e+09
can,2016,DE,16862,1383,3,2,1e+13
can,2016,DK,1742,167,2,0,1473983887
can,2016,EE,1118,2,0,0,194450000
can,2016,ES,9494,51,0,0,9.6e+08
can,2016,FI,2511,13,1,0,1.2e+09
can,2016,FR,22862,686,11,3,319999999968
can,2016,GR,3123,11,0,0,109756098
can,2016,HR,1505,2,0,0,164543801
can,2016,HU,1588,6,0,0,406876795
can,2016,IE,673,66,0,0,4.75e+08
can,2016,IS,21,0,0,0,55425119
can,2016,IT,6433,47,4,1,87883642943
can,2016,LI,4,0,0,0,3772518
can,2016,LT,2108,17,0,0,518999999
can,2016,LU,241,2,0,0,1.5e+08
can,2016,LV,1389,20,0,0,110535950
can,2016,MK,541,5,0,0,36350058
can,2016,MT,308,8,0,0,1e+07
can,2016,NL,1995,713,0,0,8e+08
can,2016,NO,1679,17,0,0,595784987
can,2016,PL,15291,162,0,0,412679341
can,2016,PT,2101,60,0,0,4.8e+08
can,2016,RO,3798,44,0,0,268836330
can,2016,SE,997,19,2,1,24290044250
can,2016,SI,1489,2,0,0,90566754
can,2016,SK,906,11,2,0,2055240000
can,2016,UK,7942,131,27,3,36608582272
can,2017,AT,1940,19,0,0,7.8e+08
can,2017,BE,2571,38,0,0,3.86e+08
can,2017,BG,6918,332,0,0,90044361
can,2017,CH,2161,22,0,0,232346856
can,2017,CY,247,0,0,0,5e+07
can,2017,CZ,7580,212,0,0,759705234
can,2017,DE,26039,5528,4,2,1e+13
can,2017,DK,2033,251,1,0,1064716479
can,2017,EE,1211,4,0,0,59424710
can,2017,ES,11684,109,1,0,1121120000
can,2017,FI,2549,35,0,0,384967659
can,2017,FR,31825,962,13,5,999999999999
can,2017,GR,1276,6,0,0,96049725
can,2017,HR,1495,0,0,0,120583361
can,2017,HU,2115,5,1,1,21142986551
can,2017,IE,825,49,0,0,8.4e+08
can,2017,IS,47,1,0,0,58120234
can,2017,IT,6963,73,6,1,21896604540
can,2017,LI,12,0,0,0,3164989
can,2017,LT,2040,28,0,0,998528700
can,2017,LU,390,10,0,0,1.5e+08
can,2017,LV,1382,48,0,0,1.28e+08
can,2017,MK,407,3,0,0,5763407
can,2017,MT,399,20,0,0,3e+08
can,2017,NL,4946,1866,1,1,1e+12
can,2017,NO,2363,93,0,0,457810657
can,2017,PL,19956,157,1,0,2045967691
can,2017,PT,3053,143,0,0,1e+09
can,2017,RO,4757,69,0,0,755855629
can,2017,SE,4053,351,0,0,570829571
can,2017,SI,4886,35,0,0,2.04e+08
can,2017,SK,878,4,0,0,356345380
can,2017,UK,10905,1995,18,1,57034003673
can,2018,AT,2189,23,0,0,966058438
can,2018,BE,3441,93,1,0,1134251967
can,2018,BG,7403,331,0,0,91208164
can,2018,CH,2451,35,0,0,451948052
can,2018,CY,324,3,0,0,33962036
can,2018,CZ,10405,279,2,0,3119273209
can,2018,DE,29900,7547,13,9,1e+13
can,2018,DK,2113,300,2,0,1473983887
can,2018,EE,1095,5,0,0,8e+07
can,2018,ES,13265,171,5,0,4.726e+09
can,2018,FI,2681,28,0,0,311288825
can,2018,FR,33484,973,31,4,99999999999
can,2018,GR,1797,5,0,0,365726250
can,2018,HR,1764,0,0,0,280608270
can,2018,HU,2636,3,0,0,562325697
can,2018,IE,982,67,0,0,620380174
can,2018,IS,119,6,0,0,104795626
can,2018,IT,7990,63,7,0,1634082625
can,2018,LI,11,0,0,0,1245277
can,2018,LT,2474,5,0,0,54762191
can,2018,LU,500,14,1,0,1.05e+09
can,2018,LV,1854,76,0,0,274960755
can,2018,MK,477,4,0,0,11021778
can,2018,MT,625,13,0,0,48618857
can,2018,NL,5682,2323,0,0,761484028
can,2018,NO,2651,135,1,0,1085803595
can,2018,PL,23392,193,1,0,1184965153
can,2018,PT,3953,244,0,0,123395400
can,2018,RO,5781,271,0,0,428863829
can,2018,SE,5855,595,3,0,2924461168
can,2018,SI,5506,483,0,0,169994500
can,2018,SK,1340,11,0,0,2.67e+08
can,2018,UK,19926,6354,30,4,1130313888167
can,2019,AT,2732,38,0,0,651584000
can,2019,BE,3776,123,0,0,590188610
can,2019,BG,8241,304,1,0,1102220127
can,2019,CH,2715,55,2,0,9942466739
can,2019,CY,311,1,0,0,48764811
can,2019,CZ,10704,319,0,0,229469303
can,2019,DE,38088,11231,11,8,1e+13
can,2019,DK,2429,253,1,0,1745891429
can,2019,EE,1348,28,0,0,177944082
can,2019,ES,16071,430,3,0,6096400000
can,2019,FI,3231,44,0,0,5.05e+08
can,2019,FR,35505,952,26,1,9999999999999
can,2019,GR,2600,27,1,0,2.3e+09
can,2019,HR,2356,2,0,0,198981216
can,2019,HU,2781,4,2,1,20704189978
can,2019,IE,1018,62,0,0,6.5e+08
can,2019,IS,136,11,0,0,54390054
can,2019,IT,8942,67,2,0,1658628547
can,2019,LI,31,0,0,0,5168865
can,2019,LT,3132,16,0,0,7.85e+08
can,2019,LU,581,34,0,0,97300000
can,2019,LV,2209,61,0,0,676100000
can,2019,MK,547,8,0,0,353671538
can,2019,MT,534,8,0,0,69295941
can,2019,NL,5836,2621,4,3,1e+12
can,2019,NO,2692,140,0,0,682355788
can,2019,PL,23025,139,1,0,2440888560
can,2019,PT,3807,156,0,0,2e+08
can,2019,RO,9972,572,1,0,6153473129
can,2019,SE,6294,626,1,0,1133240785
can,2019,SI,6338,660,0,0,138768897
can,2019,SK,1388,1,0,0,179401010
can,2019,UK,19701,5485,51,4,1e+13
can,2020,AT,3205,53,3,0,2.2e+09
can,2020,BE,3582,104,0,0,650465135
can,2020,BG,7879,324,1,0,4394069000
can,2020,CH,2400,37,3,0,3704178421
can,2020,CY,272,7,0,0,499999996
can,2020,CZ,11439,357,0,0,501921666
can,2020,DE,43217,14241,6,4,1e+13
can,2020,DK,2407,125,0,0,798406370
can,2020,EE,1501,28,0,0,302550000
can,2020,ES,16510,478,1,1,2.551e+10
can,2020,FI,3559,46,0,0,6e+08
can,2020,FR,30173,859,30,1,11118357540
can,2020,GR,2630,12,0,0,605755345
can,2020,HR,2350,3,0,0,320767420
can,2020,HU,3100,6,1,0,1120851246
can,2020,IE,1075,50,0,0,7.5e+08
can,2020,IS,162,14,0,0,472184352
can,2020,IT,8827,39,2,0,2047234860
can,2020,LI,43,0,0,0,4387745
can,2020,LT,3637,36,0,0,4.28e+08
can,2020,LU,673,10,4,0,3415500000
can,2020,LV,2386,70,0,0,238500000
can,2020,MK,221,2,0,0,474146325
can,2020,MT,293,2,0,0,70380531
can,2020,NL,6211,2601,12,10,1e+12
can,2020,NO,2860,142,1,0,1193718059
can,2020,PL,24333,178,1,0,1064853906
can,2020,PT,2868,58,0,0,3.55e+08
can,2020,RO,15341,943,1,0,1875865465
can,2020,SE,6184,484,1,0,2289027926
can,2020,SI,6704,489,0,0,98547624
can,2020,SK,1361,13,0,0,323373002
can,2020,UK,16553,4272,46,2,2e+10
can,2021,AT,3253,87,1,0,1.95e+09
can,2021,BE,3656,134,0,0,805922428
can,2021,BG,9819,947,0,0,140607424
can,2021,CH,2558,53,1,0,1738044584
can,2021,CY,344,3,0,0,72979000
can,2021,CZ,13483,468,1,0,1246130759
can,2021,DE,44734,15973,5,3,1e+13
can,2021,DK,2231,83,2,0,5378512841
can,2021,EE,1824,43,0,0,191019491
can,2021,ES,20281,529,5,0,2904008120
can,2021,FI,3837,159,0,0,7.23e+08
can,2021,FR,34000,867,39,7,1e+13
can,2021,GR,3272,47,1,0,1327957093
can,2021,HR,2651,2,1,0,2728765998
can,2021,HU,3548,13,2,0,1450407230
can,2021,IE,1269,64,1,0,2.97e+09
can,2021,IS,176,23,0,0,52492800
can,2021,IT,10866,36,6,0,2566941680
can,2021,LI,20,1,0,0,9499165
can,2021,LT,3946,51,0,0,168369923
can,2021,LU,766,21,2,0,2675335674
can,2021,LV,3090,118,0,0,250132500
can,2021,MK,215,4,0,0,23688630
can,2021,MT,425,2,0,0,109209028
can,2021,NL,6916,2974,1,1,1e+12
can,2021,NO,3339,226,0,0,350736670
can,2021,PL,26207,256,0,0,375118812
can,2021,PT,3064,85,0,0,397191014
can,2021,RO,18616,1244,1,0,2275741965
can,2021,SE,7482,402,0,0,591336914
can,2021,SI,7101,432,0,0,403613361
can,2021,SK,1622,13,0,0,334039143
can,2021,UK,6312,1285,38,6,54676593765
can,2022,AT,3407,108,2,0,2734662960
can,2022,BE,3639,103,4,0,2800949849
can,2022,BG,10171,601,1,0,3547643923
can,2022,CH,2313,53,0,0,461445014
can,2022,CY,474,7,0,0,120944720
can,2022,CZ,15268,472,2,0,1560062403
can,2022,DE,45191,16723,5,4,1e+13
can,2022,DK,2419,89,3,0,4033884631
can,2022,EE,2042,37,0,0,2e+08
can,2022,ES,22476,644,6,0,5833680000
can,2022,FI,4260,276,0,0,8e+08
can,2022,FR,34093,515,24,1,999999999999
can,2022,GR,3845,49,0,0,956970000
can,2022,HR,2888,9,0,0,369613616
can,2022,HU,3881,11,1,0,1115697869
can,2022,IE,1274,63,0,0,770505504
can,2022,IS,169,18,0,0,53280053
can,2022,IT,9821,33,15,0,6.515e+09
can,2022,LI,52,0,0,0,25723726
can,2022,LT,4345,50,0,0,136654000
can,2022,LU,709,9,1,0,1119081882
can,2022,LV,3709,100,0,0,2.2e+08
can,2022,MK,243,5,0,0,19564880
can,2022,MT,553,9,0,0,55449464
can,2022,NL,7367,3238,5,2,1e+12
can,2022,NO,3424,242,2,0,1967864768
can,2022,PL,30930,238,2,0,3811983349
can,2022,PT,2985,40,0,0,116743781
can,2022,RO,21940,1536,1,0,1081736717
can,2022,SE,7799,341,0,0,538116592
can,2022,SI,3067,40,0,0,148552000
can,2022,SK,2470,25,0,0,383676899
can,2022,UK,1838,53,6,0,9114625752
can,2023,AT,4035,131,5,2,9999999999999
can,2023,BE,3447,147,3,0,2670600000
can,2023,BG,12056,753,0,0,255649821
can,2023,CH,2647,40,0,0,643177068
can,2023,CY,578,5,1,0,1436798377
can,2023,CZ,17255,367,2,0,1633668421
can,2023,DE,45156,16399,6,2,1e+13
can,2023,DK,2512,73,7,0,3002512655
can,2023,EE,1609,40,0,0,6.93e+08
can,2023,ES,24447,683,3,0,2140690607
can,2023,FI,4679,369,2,0,9.2e+09
can,2023,FR,35561,429,28,2,1.5e+10
can,2023,GR,3988,27,0,0,667596800
can,2023,HR,3175,15,0,0,407720547
can,2023,HU,3914,23,3,0,1916736947
can,2023,IE,1763,52,2,0,3.524e+09
can,2023,IS,236,19,0,0,178574795
can,2023,IT,11885,37,18,1,19180104647
can,2023,LI,76,2,0,0,4320756
can,2023,LT,5113,38,0,0,3.64e+08
can,2023,LU,797,13,0,0,405611391
can,2023,LV,4417,137,0,0,440939136
can,2023,MK,213,2,0,0,625149529
can,2023,MT,664,5,0,0,1e+08
can,2023,NL,7619,2508,9,1,9999999999999
can,2023,NO,3254,101,1,0,1888820700
can,2023,PL,34494,195,3,0,2681942325
can,2023,PT,3961,53,0,0,4.21e+08
can,2023,RO,22236,1294,4,0,3200000271
can,2023,SE,8445,294,0,0,8e+08
can,2023,SI,2818,7,0,0,642805931
can,2023,SK,2973,31,1,0,1535900000
can,2023,UK,1721,35,1,1,20939972080
can,2024,AT,5086,383,5,0,7.9e+09
can,2024,BE,3215,156,3,0,5e+09
can,2024,BG,15607,830,0,0,613806626
can,2024,CH,3728,104,3,0,2955616660
can,2024,CY,756,37,0,0,474300000
can,2024,CZ,21344,679,3,1,89172311101
can,2024,DE,28172,6370,2,0,3597734482
can,2024,DK,3101,120,8,0,6032194685
can,2024,EE,3091,94,0,0,2.5e+08
can,2024,ES,24970,710,3,0,5432281538
can,2024,FI,4821,267,1,0,1.5e+09
can,2024,FR,27209,303,34,1,3e+10
can,2024,GR,2769,10,0,0,217280000
can,2024,HR,3827,83,1,0,2.162e+09
can,2024,HU,3700,22,1,0,1230624342
can,2024,IE,2726,78,3,0,3.75e+09
can,2024,IS,154,19,0,0,896742690
can,2024,IT,7858,42,34,2,252295847646
can,2024,LI,63,0,0,0,7275276
can,2024,LT,6037,153,0,0,2.25e+08
can,2024,LU,502,3,0,0,352539093
can,2024,LV,4643,210,2,0,4398747030
can,2024,MK,27,0,0,0,4e+08
can,2024,MT,904,10,0,0,152225075
can,2024,NL,8114,2264,10,0,6.713e+09
can,2024,NO,2868,89,1,0,1145365734
can,2024,PL,36997,249,7,0,3577338430
can,2024,PT,4342,52,7,2,750960160000
can,2024,RO,22998,229,2,0,3167894955
can,2024,SE,8594,159,4,2,183435630818070
can,2024,SI,3550,70,0,0,199940514
can,2024,SK,3466,127,2,1,35000094166
can,2024,UK,76,3,1,0,1122358986
can,2025,AT,5261,149,2,0,2656508280
can,2025,BE,5023,177,4,0,1338125174
can,2025,BG,17442,1162,1,0,1306729941
can,2025,CH,4919,110,1,0,1918892328
can,2025,CY,1056,38,0,0,63182869
can,2025,CZ,27083,743,5,0,6285266389
can,2025,DE,42398,10439,9,1,33260500000
can,2025,DK,3453,107,19,0,7237737123
can,2025,EE,3521,86,0,0,9.32e+08
can,2025,ES,29440,900,30,3,47384992680
can,2025,FI,5055,286,0,0,8e+08
can,2025,FR,31210,374,47,3,7.5968e+10
can,2025,GR,3654,27,1,0,1645107349
can,2025,HR,5915,140,0,0,542699444
can,2025,HU,3873,12,4,0,2228061551
can,2025,IE,4201,102,5,1,1.0272e+10
can,2025,IS,166,7,3,0,2919378913
can,2025,IT,13855,96,48,2,62378736280
can,2025,LI,42,0,0,0,14583384
can,2025,LT,6996,767,0,0,305768869
can,2025,LU,714,13,0,0,5.18e+08
can,2025,LV,5636,115,1,0,1765049110
can,2025,MK,25,0,0,0,1.3e+07
can,2025,MT,1070,16,0,0,5.49e+08
can,2025,NL,8356,1414,16,1,1.96e+10
can,2025,NO,3004,54,2,0,2916603581
can,2025,PL,42384,624,10,0,2658639548
can,2025,PT,6109,147,14,0,1e+10
can,2025,RO,22866,103,6,0,2039957469
can,2025,SE,8921,169,3,0,2735350893
can,2025,SI,3928,43,0,0,397745688
can,2025,SK,4490,156,0,0,581446564
can,2025,UK,127,0,3,2,29389794812
can,2026,AT,3893,56,5,0,5186461104
can,2026,BE,4086,157,3,0,4.926e+09
can,2026,BG,10895,582,1,0,1396324281
can,2026,CH,3522,48,2,0,1273648143
can,2026,CY,624,4,0,0,1.38e+08
can,2026,CZ,18785,513,3,0,2065413524
can,2026,DE,31946,7586,3,1,1.0296e+10
can,2026,DK,2070,68,4,0,3695511574
can,2026,EE,2724,84,0,0,4e+08
can,2026,ES,21915,718,40,19,62247333000
can,2026,FI,4318,144,1,0,1.2e+09
can,2026,FR,22253,366,31,3,2e+10
can,2026,GR,2861,62,2,2,1073062200000
can,2026,HR,6144,123,1,0,1498767964
can,2026,HU,2955,10,1,0,1057026584
can,2026,IE,3752,152,1,0,1.216e+09
can,2026,IS,114,2,1,0,1018836510
can,2026,IT,13479,173,17,1,10522260660
can,2026,LI,52,0,0,0,17884967
can,2026,LT,6198,568,2,1,5.2e+10
can,2026,LU,570,33,0,0,2.9e+08
can,2026,LV,4515,98,0,0,8e+08
can,2026,MK,11,0,0,0,6998500
can,2026,MT,705,6,0,0,5.11e+08
can,2026,NL,6555,1033,6,0,8.85e+09
can,2026,NO,2057,42,0,0,725045161
can,2026,PL,30740,345,46,5,60600388387800
can,2026,PT,5377,113,21,2,12205200000
can,2026,RO,16139,88,3,1,34894817515
can,2026,SE,6261,179,4,0,1858488753
can,2026,SI,3489,66,0,0,288114754
can,2026,SK,3582,107,0,0,974353600
can,2026,UK,62,3,0,0,14052917
cn,2016,AT,574,42,1,0,1.28e+09
cn,2016,BE,1336,36,1,0,1.6e+09
cn,2016,BG,3640,66,0,0,567227149
cn,2016,CH,3,0,0,0,5300000
cn,2016,CY,289,3,0,0,64400000
cn,2016,CZ,4068,5,0,0,739809129
cn,2016,DE,7696,732,1,0,5.38e+09
cn,2016,DK,1441,61,1,0,6984365766
cn,2016,EE,430,3,0,0,5e+07
cn,2016,ES,9626,2,1,0,1253635550
cn,2016,FI,2244,46,0,0,6e+08
cn,2016,FR,16018,809,2,0,5e+09
cn,2016,GR,1453,3,0,0,849646528
cn,2016,HR,1633,0,0,0,233098377
cn,2016,HU,1350,713,0,0,224762394
cn,2016,IE,1153,84,0,0,1e+09
cn,2016,IS,9,0,0,0,44913541
cn,2016,IT,6647,9,9,0,1e+10
cn,2016,LI,4,0,0,0,5962209
cn,2016,LT,203,8,0,0,272727273
cn,2016,LU,134,1,0,0,5.3e+07
cn,2016,LV,309,0,0,0,23437440
cn,2016,MK,1027,2,0,0,36581568
cn,2016,MT,24,2,0,0,63500000
cn,2016,NL,712,14,0,0,4.08e+08
cn,2016,NO,2410,19,0,0,753449723
cn,2016,PL,7023,80,0,0,404064496
cn,2016,PT,1275,59,0,0,81479714
cn,2016,RO,3582,62,0,0,710531356
cn,2016,SE,880,23,0,0,126730666
cn,2016,SI,324,2,0,0,86679039
cn,2016,SK,1161,0,0,0,198892115
cn,2016,UK,8098,148,36,5,61014301752
cn,2017,AT,424,5,0,0,5.9e+08
cn,2017,BE,1131,26,0,0,6.5e+08
cn,2017,BG,4493,68,0,0,523739646
cn,2017,CH,1,0,0,0,3598093
cn,2017,CY,319,1,0,0,102661207
cn,2017,CZ,5168,5,1,0,1095494948
cn,2017,DE,7867,829,1,0,1.675e+09
cn,2017,DK,1550,65,1,0,1.3e+09
cn,2017,EE,504,3,0,0,142051690
cn,2017,ES,11987,3,0,0,711294458
cn,2017,FI,1812,40,0,0,3.5e+08
cn,2017,FR,17800,499,5,1,29999999997
cn,2017,GR,1919,1,1,0,1.45e+09
cn,2017,HR,1451,0,0,0,107185444
cn,2017,HU,1443,837,1,0,1617128626
cn,2017,IE,1360,135,1,0,3e+09
cn,2017,IS,25,0,1,0,1.2e+09
cn,2017,IT,8788,12,7,0,1e+10
cn,2017,LI,12,0,0,0,2473689
cn,2017,LT,376,4,0,0,4e+08
cn,2017,LU,184,0,0,0,123864620
cn,2017,LV,488,0,0,0,1.08e+08
cn,2017,MK,916,5,0,0,98399894
cn,2017,MT,69,1,0,0,71740000
cn,2017,NL,912,78,0,0,7.5e+08
cn,2017,NO,2320,28,1,0,1179371717
cn,2017,PL,7053,46,0,0,587268029
cn,2017,PT,2130,105,1,0,9408359240
cn,2017,RO,5221,76,0,0,863060990
cn,2017,SE,1978,10,0,0,510632998
cn,2017,SI,320,0,0,0,149875000
cn,2017,SK,1637,0,0,0,305035160
cn,2017,UK,7900,96,54,5,28517001836
cn,2018,AT,338,2,0,0,826500000
cn,2018,BE,1154,12,0,0,9.02e+08
cn,2018,BG,5127,45,1,0,1168831169
cn,2018,CH,5,0,0,0,1100866
cn,2018,CY,347,1,2,0,1.27e+09
cn,2018,CZ,6570,9,2,0,1559636605
cn,2018,DE,8674,987,1,1,999999999999
cn,2018,DK,1681,75,1,0,6708527881
cn,2018,EE,481,1,0,0,140485849
cn,2018,ES,12205,1,3,0,4155757967
cn,2018,FI,1667,19,0,0,4.2e+08
cn,2018,FR,16455,272,5,0,9999999999
cn,2018,GR,2663,1,1,0,2.3e+09
cn,2018,HR,1977,0,0,0,275134130
cn,2018,HU,982,566,0,0,125435103
cn,2018,IE,1309,106,1,0,3e+09
cn,2018,IS,10,0,0,0,8.22e+08
cn,2018,IT,9587,10,12,1,12292396000
cn,2018,LI,12,0,0,0,1298701
cn,2018,LT,949,0,0,0,7.85e+08
cn,2018,LU,212,0,0,0,93700000
cn,2018,LV,704,2,0,0,4.25e+08
cn,2018,MK,1145,4,0,0,97568908
cn,2018,MT,61,0,0,0,94715100
cn,2018,NL,1554,186,1,0,1037257142
cn,2018,NO,2236,32,1,0,1010679865
cn,2018,PL,6546,19,0,0,443192467
cn,2018,PT,2065,34,0,0,205900000
cn,2018,RO,4339,50,1,0,1.36e+09
cn,2018,SE,1891,13,0,0,5.5e+08
cn,2018,SI,310,0,0,0,5.3e+07
cn,2018,SK,1743,0,0,0,2.67e+08
cn,2018,UK,7878,55,85,11,12885578459301
cn,2019,AT,633,20,0,0,629560000
cn,2019,BE,1126,4,0,0,417723287
cn,2019,BG,4953,49,0,0,552668929
cn,2019,CH,2,0,0,0,494426
cn,2019,CY,313,2,3,0,9.648e+09
cn,2019,CZ,6212,27,0,0,389559797
cn,2019,DE,9385,1047,0,0,999999999
cn,2019,DK,1844,54,1,0,5357549457
cn,2019,EE,408,0,0,0,302550000
cn,2019,ES,15299,1,5,1,1.5e+10
cn,2019,FI,1862,23,0,0,9e+08
cn,2019,FR,17264,274,12,0,4e+09
cn,2019,GR,2611,0,0,0,6e+08
cn,2019,HR,2285,0,0,0,150170526
cn,2019,HU,635,248,0,0,430371964
cn,2019,IE,1503,109,1,0,2e+09
cn,2019,IS,11,1,0,0,4.4e+07
cn,2019,IT,10160,12,12,2,5829641510000
cn,2019,LI,9,0,0,0,15749730
cn,2019,LT,1148,2,0,0,442500000
cn,2019,LU,288,1,0,0,415910000
cn,2019,LV,844,1,0,0,4.47e+08
cn,2019,MK,720,5,0,0,51300000
cn,2019,MT,52,0,0,0,7e+07
cn,2019,NL,1155,149,2,1,1e+12
cn,2019,NO,2256,8,0,0,527859833
cn,2019,PL,6103,14,0,0,630956813
cn,2019,PT,2713,28,0,0,4.75e+08
cn,2019,RO,5691,6,1,0,1.001e+09
cn,2019,SE,2024,20,0,0,377746928
cn,2019,SI,416,0,0,0,5.8e+07
cn,2019,SK,1475,0,0,0,353747215
cn,2019,UK,7834,36,75,9,11392506009547
cn,2020,AT,582,9,0,0,786771000
cn,2020,BE,1190,2,2,0,2388649387
cn,2020,BG,4245,41,0,0,502474691
cn,2020,CH,3,0,0,0,3400000
cn,2020,CY,296,0,1,0,1.706e+09
cn,2020,CZ,5959,47,0,0,547155547
cn,2020,DE,9709,1025,2,0,4.06e+09
cn,2020,DK,1978,86,3,1,21464409326
cn,2020,EE,469,0,0,0,1e+08
cn,2020,ES,15002,13,0,0,6.89e+08
cn,2020,FI,2050,18,0,0,8e+08
cn,2020,FR,15864,200,2,0,9999999999
cn,2020,GR,3147,0,1,0,2.4e+09
cn,2020,HR,2377,0,0,0,270999151
cn,2020,HU,504,161,1,0,1401064057
cn,2020,IE,1740,117,2,0,2.762e+09
cn,2020,IS,16,0,0,0,22640533
cn,2020,IT,9765,2,17,2,25280256000
cn,2020,LI,12,0,0,0,151050911
cn,2020,LT,1092,3,0,0,6.96e+08
cn,2020,LU,240,3,0,0,4.25e+08
cn,2020,LV,905,0,0,0,106680000
cn,2020,MK,423,0,0,0,3e+07
cn,2020,MT,109,0,0,0,25160000
cn,2020,NL,1283,148,1,0,1.034e+09
cn,2020,NO,2759,7,0,0,466296117
cn,2020,PL,5833,15,1,0,2431687000
cn,2020,PT,2830,39,0,0,394485119
cn,2020,RO,6523,12,2,0,1200394850
cn,2020,SE,2234,35,1,0,2.52e+09
cn,2020,SI,432,0,0,0,65012000
cn,2020,SK,1519,0,0,0,512040000
cn,2020,UK,6255,33,69,6,52826795549
cn,2021,AT,685,26,1,0,1339800000
cn,2021,BE,1357,4,1,0,2800949850
cn,2021,BG,5286,40,0,0,992876712
cn,2021,CY,386,1,1,0,1.246e+09
cn,2021,CZ,6144,32,4,0,2340093604
cn,2021,DE,10991,1164,6,1,1.26e+10
cn,2021,DK,2141,33,1,0,1262605889
cn,2021,EE,629,0,0,0,2e+08
cn,2021,ES,18446,8,6,1,408333330000
cn,2021,FI,2161,10,1,0,1.95e+09
cn,2021,FR,19173,200,8,2,2.5e+10
cn,2021,GR,3630,0,4,0,2.4e+09
cn,2021,HR,2513,0,0,0,332075873
cn,2021,HU,456,159,3,0,1885529399
cn,2021,IE,1994,109,1,0,1.3e+09
cn,2021,IS,28,15,1,0,1401814798
cn,2021,IT,11506,5,9,1,12545764416
cn,2021,LI,15,0,0,0,4162427
cn,2021,LT,1167,2,4,0,2.04e+09
cn,2021,LU,210,5,1,0,4.8e+09
cn,2021,LV,1182,5,0,0,252066000
cn,2021,MK,472,0,1,0,1168148485
cn,2021,MT,89,0,0,0,8e+07
cn,2021,NL,1454,153,3,0,2e+09
cn,2021,NO,2933,7,0,0,787145907
cn,2021,PL,5309,9,0,0,722859897
cn,2021,PT,3470,19,0,0,8.19e+08
cn,2021,RO,7713,10,1,0,1028611535
cn,2021,SE,3682,64,1,0,3942246095
cn,2021,SI,454,2,0,0,92334900
cn,2021,SK,1850,2,0,0,522309042
cn,2021,UK,198,0,1,0,1503588879
cn,2022,AT,862,37,3,3,9999999999999
cn,2022,BE,1905,0,2,0,2.099e+09
cn,2022,BG,6261,40,1,0,1169713601
cn,2022,CH,6,0,0,0,12987025
cn,2022,CY,501,0,0,0,99625000
cn,2022,CZ,7240,62,2,0,1645865835
cn,2022,DE,11848,1189,4,0,4.72e+09
cn,2022,DK,2397,24,5,0,1344628210
cn,2022,EE,826,0,0,0,6.93e+08
cn,2022,ES,20461,10,5,0,3131918405
cn,2022,FI,2337,7,0,0,5.5e+08
cn,2022,FR,25321,291,16,2,38632389854
cn,2022,GR,4051,1,1,0,2.3e+09
cn,2022,HR,2993,0,0,0,690717815
cn,2022,HU,370,108,0,0,418386701
cn,2022,IE,2388,77,1,0,1.1e+09
cn,2022,IS,27,14,0,0,2.24e+08
cn,2022,IT,12068,4,29,3,2e+10
cn,2022,LI,4,1,0,0,1183979
cn,2022,LT,1451,0,1,0,1.05e+09
cn,2022,LU,203,2,0,0,205612000
cn,2022,LV,1519,1,0,0,95687962
cn,2022,MK,469,2,0,0,16393220
cn,2022,MT,44,0,0,0,1e+08
cn,2022,NL,1650,193,5,0,7.406e+09
cn,2022,NO,3127,7,0,0,885539146
cn,2022,PL,6465,18,0,0,5.26e+08
cn,2022,PT,3829,13,0,0,134312500
cn,2022,RO,9348,5,4,0,2753599512
cn,2022,SE,3884,58,0,0,985561524
cn,2022,SI,440,3,0,0,172551678
cn,2022,SK,2396,13,0,0,587349155
cn,2022,UK,120,2,2,1,18613308516
cn,2023,AT,823,22,2,2,9999999999999
cn,2023,BE,2369,24,1,0,3.1e+09
cn,2023,BG,5489,46,0,0,613806626
cn,2023,CH,7,0,0,0,16776624
cn,2023,CY,408,1,0,0,8e+07
cn,2023,CZ,5928,29,3,0,1628266710
cn,2023,DE,13354,2077,4,0,7.3e+09
cn,2023,DK,2289,66,4,0,4023801137
cn,2023,EE,955,1,0,0,1.8e+08
cn,2023,ES,18023,5,5,0,1549947540
cn,2023,FI,2490,1,4,0,1.6e+09
cn,2023,FR,19778,221,10,0,9999999999
cn,2023,GR,3257,1,0,0,617187784
cn,2023,HR,2286,0,0,0,419184362
cn,2023,HU,264,48,3,0,2091933504
cn,2023,IE,2739,134,3,0,2e+09
cn,2023,IS,43,7,0,0,49525753
cn,2023,IT,10214,4,21,2,2e+10
cn,2023,LI,3,2,0,0,741422
cn,2023,LT,1581,284,2,0,4e+09
cn,2023,LU,182,2,1,0,2e+09
cn,2023,LV,1278,5,0,0,1e+08
cn,2023,MK,422,0,1,0,8.4e+09
cn,2023,MT,169,0,0,0,2.05e+08
cn,2023,NL,2407,322,7,0,1e+10
cn,2023,NO,3493,47,4,1,143527408786
cn,2023,PL,4964,38,0,0,161849606
cn,2023,PT,3536,8,0,0,3.7e+08
cn,2023,RO,7321,5,7,1,35595108394
cn,2023,SE,4675,54,3,1,8659889909181
cn,2023,SI,370,1,0,0,50677701
cn,2023,SK,2703,6,1,1,35000094166
cn,2023,UK,64,1,1,0,6979990693
cn,2024,AT,1129,59,3,0,1.8e+09
cn,2024,BE,2963,59,9,0,5.02e+09
cn,2024,BG,8074,38,5,0,1306729941
cn,2024,CH,4,0,0,0,3285844
cn,2024,CY,1074,9,0,0,5e+07
cn,2024,CZ,13854,251,14,0,4684210227
cn,2024,DE,19054,5130,10,0,3067226890
cn,2024,DK,2960,50,25,2,11972104941
cn,2024,EE,1888,0,0,0,9.32e+08
cn,2024,ES,25446,12,19,0,3.8e+09
cn,2024,FI,2674,8,0,0,1e+09
cn,2024,FR,19427,193,39,0,4086600000
cn,2024,GR,4121,15,7,0,7849600000
cn,2024,HR,6076,0,0,0,4.5e+08
cn,2024,HU,294,0,1,0,1238847233
cn,2024,IE,4767,571,18,0,4.55e+09
cn,2024,IS,56,38,1,0,1785262910
cn,2024,IT,15912,54,31,1,11313455331
cn,2024,LI,5,1,0,0,4249184
cn,2024,LT,786,420,2,0,1.585e+09
cn,2024,LU,244,2,0,0,4.61e+08
cn,2024,LV,2252,4,0,0,2.1e+08
cn,2024,MK,59,0,0,0,1.2e+08
cn,2024,MT,1121,1,2,0,1.07e+09
cn,2024,NL,4757,849,18,0,5.2e+09
cn,2024,NO,4077,37,7,0,1734981100
cn,2024,PL,7557,109,0,0,409580688
cn,2024,PT,5564,69,21,0,9289549170
cn,2024,RO,8398,25,50,0,2291386314
cn,2024,SE,11937,147,10,1,44312973670
cn,2024,SI,749,17,0,0,51450600
cn,2024,SK,3694,7,3,1,35000094166
cn,2024,UK,99,0,1,0,2398692370
cn,2025,AT,937,39,1,0,2.227e+09
cn,2025,BE,1565,13,5,0,3971638879
cn,2025,BG,9576,34,4,0,1517026281
cn,2025,CH,1,0,0,0,175281
cn,2025,CY,1175,18,0,0,9.5e+07
cn,2025,CZ,16227,384,17,0,5677536268
cn,2025,DE,14105,1427,2,0,5232524905
cn,2025,DK,3034,10,7,1,11958560800
cn,2025,EE,2184,1,0,0,6e+08
cn,2025,ES,27247,8,13,0,6519432000
cn,2025,FI,2611,4,3,2,1.1e+10
cn,2025,FR,22694,987,36,0,6.72e+09
cn,2025,GR,4715,7,3,2,1.275e+10
cn,2025,HR,7572,0,0,0,6.2e+08
cn,2025,HU,328,1,14,0,1503035478
cn,2025,IE,5355,500,12,0,5.2e+09
cn,2025,IS,72,47,1,0,1006144470
cn,2025,IT,17352,25,60,4,2e+10
cn,2025,LI,2,0,0,0,531155
cn,2025,LT,6372,3175,7,3,5.2e+10
cn,2025,LU,214,1,0,0,520370000
cn,2025,LV,2775,21,0,0,4e+08
cn,2025,MK,50,0,0,0,8273112
cn,2025,MT,1243,0,1,0,1.07e+09
cn,2025,NL,5439,736,8,0,4e+09
cn,2025,NO,4192,22,0,0,643045343
cn,2025,PL,9850,344,2,2,1304462030951
cn,2025,PT,8110,38,5,2,6e+10
cn,2025,RO,9293,25,27,0,4122988770
cn,2025,SE,13514,113,5,0,5062274839
cn,2025,SI,725,15,1,0,2615766353
cn,2025,SK,3858,4,1,0,1614841000
cn,2025,UK,57,1,1,0,1147827941
cn,2026,AT,753,29,0,0,969550000
cn,2026,BE,921,3,2,0,3971638879
cn,2026,BG,5923,14,0,0,282448339
cn,2026,CY,761,20,0,0,1.8e+08
cn,2026,CZ,10435,281,22,0,3047682506
cn,2026,DE,10923,1288,9,4,1.0296e+10
cn,2026,DK,2036,9,7,4,12783704089
cn,2026,EE,1689,0,0,0,9e+08
cn,2026,ES,18886,72,30,7,71173358453
cn,2026,FI,2083,6,3,0,4.8e+09
cn,2026,FR,18510,3190,24,0,8341352648
cn,2026,GR,3562,43,10,0,2500014000
cn,2026,HR,5825,0,0,0,682662491
cn,2026,HU,238,0,0,0,841453497
cn,2026,IE,4410,355,19,0,7.912e+09
cn,2026,IS,45,28,0,0,465479536
cn,2026,IT,13694,27,44,0,7e+09
cn,2026,LI,11,0,0,0,2089227
cn,2026,LT,3372,1119,6,2,5.2e+10
cn,2026,LU,169,1,1,0,1e+10
cn,2026,LV,2039,16,0,0,325136000
cn,2026,MK,34,0,0,0,5200000
cn,2026,MT,939,0,4,0,1381381344
cn,2026,NL,3814,315,17,0,4.532e+09
cn,2026,NO,2774,3,0,0,706676325
cn,2026,PL,7503,689,16,2,14598194436
cn,2026,PT,6602,43,8,0,2042343533
cn,2026,RO,7950,6,2,0,4120391866
cn,2026,SE,8483,89,7,4,552422603292
cn,2026,SI,401,6,0,0,984712084
cn,2026,SK,3003,3,7,0,2781334783
cn,2026,UK,35,0,0,0,239704822
