year,country,notices,winner_country,cross_border
2023,AT,1333,0.171,0.114
2023,BE,1132,0.747,0.06
2023,BG,3949,0,
2023,CH,977,0.91,0.04
2023,CY,308,0.114,0.029
2023,CZ,5190,0,
2023,DE,12118,0.454,0.018
2023,DK,913,0.113,0.126
2023,EE,853,0.871,0.055
2023,ES,7040,0.332,0.018
2023,FI,1237,0.416,0.037
2023,FR,10611,0,0
2023,GR,1177,0.004,0
2023,HR,906,0.001,0
2023,HU,1184,0.484,0.024
2023,IE,451,0.253,0.158
2023,IS,103,0,
2023,IT,3514,0.036,0.055
2023,LI,52,0,
2023,LT,1653,0.033,0.4
2023,LU,289,0.014,0
2023,LV,1363,0.494,0
2023,MK,73,0.014,1
2023,MT,219,0.219,0.063
2023,NL,1973,0.578,0.025
2023,NO,1057,0.023,0.083
2023,PL,11279,0.044,0.018
2023,PT,1146,0,
2023,RO,5416,0.141,0.004
2023,SE,2885,0.083,0.017
2023,SI,846,0,
2023,SK,1026,0.711,0.04
2023,UK,722,0,
2024,AT,5579,0.859,0.096
2024,BE,5465,0.808,0.109
2024,BG,15891,0.781,0.008
2024,CH,4084,0.918,0.037
2024,CY,778,0.699,0.116
2024,CZ,22082,0.795,0.023
2024,DE,57840,0.843,0.02
2024,DK,3360,0.792,0.1
2024,EE,3549,0.903,0.07
2024,ES,25775,0.868,0.014
2024,FI,5371,0.84,0.055
2024,FR,32700,0.86,0.012
2024,GR,2847,0.686,0.013
2024,HR,3853,0.867,0.034
2024,HU,4194,0.868,0.023
2024,IE,2906,0.837,0.169
2024,IS,176,0.886,0.058
2024,IT,8148,0.622,0.026
2024,LI,65,0.969,0.206
2024,LT,6862,0.797,0.045
2024,LU,543,0.834,0.291
2024,LV,5509,0.855,0
2024,MK,100,0.53,0.094
2024,MT,915,0.689,0.086
2024,NL,8356,0.899,0.032
2024,NO,3185,0.851,0.049
2024,PL,41478,0.779,0.013
2024,PT,4851,0.481,0.032
2024,RO,25520,0.912,0.007
2024,SE,8811,0.851,0.03
2024,SI,3730,0.829,0.043
2024,SK,4109,0.887,0.048
2024,UK,84,0.262,0
2025,AT,5639,0.918,0.106
2025,BE,5962,0.869,0.136
2025,BG,17451,0.853,0.005
2025,CH,5236,0.941,0.045
2025,CY,1071,0.88,0.1
2025,CZ,27542,0.916,0.02
2025,DE,60800,0.918,0.024
2025,DK,3678,0.828,0.12
2025,EE,4008,0.91,0.067
2025,ES,30264,0.94,0.014
2025,FI,5581,0.858,0.062
2025,FR,33770,0.957,0.012
2025,GR,3681,0.94,0.022
2025,HR,5923,0.97,0.023
2025,HU,4422,0.862,0.031
2025,IE,4282,0.902,0.185
2025,IS,189,0.878,0.127
2025,IT,13939,0.832,0.019
2025,LI,45,0.933,0.381
2025,LT,7303,0.844,0.036
2025,LU,735,0.952,0.291
2025,LV,6674,0.845,0.029
2025,MK,118,0.754,0.169
2025,MT,1071,0.799,0.079
2025,NL,8823,0.908,0.039
2025,NO,3357,0.839,0.054
2025,PL,47469,0.885,0.014
2025,PT,6558,0.882,0.028
2025,RO,24476,0.936,0.007
2025,SE,8936,0.882,0.04
2025,SI,4306,0.891,0.06
2025,SK,4640,0.896,0.055
2025,UK,129,0.798,0.029
2026,AT,4123,0.941,0.112
2026,BE,4562,0.882,0.135
2026,BG,11637,0.855,0.006
2026,CH,4221,0.938,0.047
2026,CY,637,0.874,0.111
2026,CZ,20635,0.924,0.022
2026,DE,45327,0.92,0.023
2026,DK,2429,0.844,0.111
2026,EE,3049,0.919,0.064
2026,ES,22619,0.941,0.014
2026,FI,4770,0.836,0.047
2026,FR,23210,0.962,0.013
2026,GR,2897,0.93,0.023
2026,HR,6150,0.98,0.021
2026,HU,3644,0.85,0.025
2026,IE,3767,0.929,0.162
2026,IS,188,0.856,0.137
2026,IT,13528,0.77,0.016
2026,LI,59,0.898,0.434
2026,LT,6490,0.896,0.037
2026,LU,599,0.945,0.228
2026,LV,5271,0.859,0.043
2026,MK,50,0.8,0.15
2026,MT,706,0.768,0.068
2026,NL,6875,0.911,0.036
2026,NO,2527,0.831,0.054
2026,PL,37807,0.887,0.013
2026,PT,5496,0.958,0.03
2026,RO,17940,0.943,0.007
2026,SE,6855,0.891,0.043
2026,SI,3820,0.892,0.042
2026,SK,3617,0.917,0.051
2026,UK,66,0.985,0.031
