year,country,awards,winner,winner_country,offers,single_bid,cross_border
2016,AT,4222,0.872,0.856,0.763,0.158,0.076
2016,BE,8670,0.902,0.48,0.821,0.152,0.199
2016,BG,12795,0.912,0.911,0.902,0.263,0.01
2016,CH,4417,0.998,0.998,0.572,0.074,0.049
2016,CY,864,0.999,0.999,0.762,0.368,0.052
2016,CZ,11462,0.925,0.909,0.84,0.37,0.046
2016,DE,48725,0.932,0.896,0.777,0.166,0.03
2016,DK,6899,0.838,0.818,0.723,0.14,0.082
2016,EE,2989,0.943,0.943,0.86,0.104,0.036
2016,ES,23871,0.9,0.5,0.664,0.22,0.022
2016,FI,6881,0.912,0.682,0.678,0.11,0.103
2016,FR,109500,0.889,0.727,0.737,0.147,0.071
2016,GR,5757,0.944,0.878,0.673,0.162,0.021
2016,HR,6481,1,0.993,0.991,0.388,0.011
2016,HU,6501,0.825,0.825,0.859,0.349,0.097
2016,IE,3353,0.916,0.914,0.896,0.057,0.149
2016,IS,134,0.97,0.896,0.731,0.031,0.108
2016,IT,20905,0.884,0.721,0.739,0.29,0.038
2016,LI,15,1,1,0.933,0.143,0
2016,LT,9435,0.999,0.999,0.999,0.17,0.016
2016,LU,1599,0.917,0.502,0.715,0.204,0.414
2016,LV,10967,0.962,0.962,0.962,0.16,0.03
2016,MK,2052,0.942,0.885,0.582,0.203,0.009
2016,MT,424,0.991,0.991,0.983,0.11,0.095
2016,NL,10359,0.968,0.934,0.941,0.115,0.046
2016,NO,4782,0.988,0.987,0.686,0.089,0.071
2016,PL,112208,0.96,0.877,0.923,0.456,0.025
2016,PT,3702,0.884,0.521,0.342,0.202,0.05
2016,RO,25278,1,1,1,0.227,0.004
2016,SE,15036,0.972,0.899,0.825,0.067,0.019
2016,SI,8491,0.93,0.93,0.898,0.314,0.191
2016,SK,2761,0.819,0.819,0.812,0.243,0.053
2016,UK,47111,0.955,0.916,0.905,0.155,0.048
2017,AT,4153,0.85,0.846,0.792,0.165,0.102
2017,BE,8135,0.836,0.633,0.791,0.198,0.168
2017,BG,20148,0.706,0.706,0.703,0.325,0.043
2017,CH,3677,0.957,0.957,0.909,0.076,0.07
2017,CY,600,0.937,0.937,0.813,0.373,0.06
2017,CZ,21034,0.876,0.875,0.872,0.44,0.06
2017,DE,58019,0.888,0.879,0.839,0.195,0.035
2017,DK,8311,0.81,0.807,0.776,0.176,0.085
2017,EE,3809,0.871,0.871,0.831,0.162,0.053
2017,ES,28490,0.894,0.725,0.719,0.223,0.023
2017,FI,6976,0.864,0.861,0.847,0.111,0.185
2017,FR,116379,0.882,0.867,0.846,0.157,0.09
2017,GR,4135,0.883,0.825,0.541,0.333,0.044
2017,HR,8999,0.914,0.914,0.913,0.416,0.034
2017,HU,8803,0.759,0.759,0.756,0.358,0.171
2017,IE,3695,0.924,0.924,0.893,0.056,0.173
2017,IS,116,0.966,0.905,0.802,0.097,0.152
2017,IT,19135,0.862,0.781,0.793,0.29,0.09
2017,LI,57,0.982,0.965,0.982,0.161,0.309
2017,LT,11161,0.987,0.986,0.987,0.187,0.017
2017,LU,953,0.89,0.857,0.82,0.143,0.353
2017,LV,12085,0.882,0.882,0.881,0.158,0.025
2017,MK,2229,0.772,0.728,0.402,0.228,0.012
2017,MT,945,0.617,0.617,0.617,0.148,0.199
2017,NL,8519,0.886,0.877,0.879,0.145,0.123
2017,NO,4413,0.897,0.897,0.872,0.106,0.095
2017,PL,142390,0.862,0.843,0.853,0.486,0.146
2017,PT,4915,0.901,0.514,0.41,0.235,0.065
2017,RO,42061,1,1,1,0.266,0.002
2017,SE,14044,0.9,0.883,0.813,0.091,0.03
2017,SI,43919,0.871,0.871,0.863,0.574,0.281
2017,SK,4133,0.76,0.76,0.764,0.186,0.051
2017,UK,37403,0.929,0.879,0.909,0.236,0.128
2018,AT,4613,0.816,0.814,0.753,0.177,0.102
2018,BE,9871,0.759,0.758,0.746,0.218,0.175
2018,BG,20599,0.71,0.71,0.708,0.325,0.05
2018,CH,3663,0.928,0.928,0.928,0.1,0.109
2018,CY,728,0.823,0.82,0.813,0.458,0.112
2018,CZ,29676,0.856,0.855,0.852,0.504,0.053
2018,DE,66014,0.862,0.857,0.826,0.209,0.048
2018,DK,8042,0.763,0.76,0.728,0.176,0.094
2018,EE,4974,0.796,0.796,0.796,0.189,0.078
2018,ES,34777,0.86,0.781,0.761,0.242,0.024
2018,FI,6936,0.857,0.854,0.84,0.136,0.2
2018,FR,118842,0.877,0.867,0.852,0.178,0.089
2018,GR,6981,0.832,0.789,0.641,0.339,0.028
2018,HR,8471,0.842,0.842,0.841,0.274,0.097
2018,HU,11827,0.795,0.795,0.794,0.393,0.173
2018,IE,3801,0.89,0.89,0.87,0.082,0.15
2018,IS,284,0.912,0.912,0.908,0.066,0.069
2018,IT,23717,0.834,0.79,0.774,0.313,0.111
2018,LI,32,1,1,1,0.125,0.5
2018,LT,15970,0.788,0.788,0.787,0.237,0.03
2018,LU,1034,0.926,0.926,0.926,0.23,0.415
2018,LV,10648,0.815,0.815,0.818,0.238,0.037
2018,MK,2384,0.828,0.695,0.401,0.251,0.013
2018,MT,1268,0.748,0.748,0.748,0.121,0.133
2018,NL,9535,0.861,0.858,0.858,0.162,0.126
2018,NO,4906,0.866,0.866,0.858,0.131,0.123
2018,PL,153624,0.816,0.809,0.814,0.513,0.137
2018,PT,7297,0.89,0.603,0.567,0.22,0.056
2018,RO,37195,0.972,0.972,0.972,0.315,0.017
2018,SE,17534,0.874,0.868,0.868,0.091,0.033
2018,SI,46558,0.751,0.751,0.745,0.57,0.259
2018,SK,5624,0.788,0.788,0.782,0.191,0.073
2018,UK,39655,0.923,0.913,0.908,0.259,0.133
2019,AT,5296,0.838,0.837,0.801,0.241,0.119
2019,BE,11606,0.738,0.737,0.73,0.231,0.154
2019,BG,21369,0.73,0.73,0.729,0.374,0.055
2019,CH,4351,0.933,0.933,0.933,0.114,0.12
2019,CY,995,0.789,0.763,0.755,0.269,0.128
2019,CZ,32797,0.85,0.849,0.84,0.523,0.051
2019,DE,77675,0.857,0.857,0.826,0.238,0.042
2019,DK,10145,0.709,0.708,0.692,0.172,0.094
2019,EE,7325,0.827,0.827,0.826,0.227,0.047
2019,ES,43926,0.835,0.83,0.832,0.271,0.025
2019,FI,9859,0.862,0.857,0.846,0.122,0.186
2019,FR,126745,0.857,0.855,0.851,0.192,0.09
2019,GR,9439,0.821,0.818,0.817,0.412,0.034
2019,HR,11711,0.818,0.818,0.816,0.207,0.074
2019,HU,10635,0.771,0.771,0.773,0.424,0.153
2019,IE,3351,0.876,0.876,0.83,0.088,0.186
2019,IS,428,0.93,0.93,0.93,0.053,0.153
2019,IT,29462,0.816,0.807,0.801,0.331,0.146
2019,LI,41,1,1,1,0.049,0.22
2019,LT,14810,0.768,0.768,0.767,0.266,0.051
2019,LU,1604,0.925,0.925,0.918,0.198,0.567
2019,LV,12534,0.853,0.853,0.852,0.232,0.028
2019,MK,1922,0.852,0.852,0.848,0.282,0.026
2019,MT,1127,0.727,0.727,0.727,0.162,0.12
2019,NL,9461,0.86,0.86,0.857,0.173,0.134
2019,NO,5017,0.844,0.844,0.832,0.129,0.119
2019,PL,158746,0.777,0.776,0.776,0.518,0.138
2019,PT,8618,0.827,0.827,0.825,0.393,0.043
2019,RO,67616,0.768,0.768,0.768,0.283,0.195
2019,SE,19648,0.886,0.886,0.885,0.073,0.032
2019,SI,52612,0.72,0.72,0.711,0.616,0.251
2019,SK,4226,0.719,0.719,0.716,0.326,0.09
2019,UK,42352,0.909,0.909,0.901,0.232,0.134
2020,AT,6662,0.835,0.835,0.816,0.274,0.159
2020,BE,10187,0.776,0.776,0.759,0.219,0.153
2020,BG,20552,0.74,0.74,0.739,0.369,0.047
2020,CH,3629,0.941,0.941,0.941,0.109,0.089
2020,CY,594,0.874,0.874,0.872,0.342,0.137
2020,CZ,30806,0.865,0.865,0.847,0.482,0.078
2020,DE,83184,0.875,0.875,0.852,0.231,0.045
2020,DK,8740,0.772,0.772,0.75,0.187,0.112
2020,EE,7454,0.822,0.822,0.822,0.221,0.081
2020,ES,42185,0.814,0.813,0.812,0.31,0.027
2020,FI,8774,0.814,0.814,0.806,0.146,0.255
2020,FR,106086,0.855,0.855,0.849,0.187,0.094
2020,GR,8456,0.789,0.789,0.79,0.413,0.046
2020,HR,10426,0.831,0.831,0.831,0.254,0.074
2020,HU,12213,0.816,0.816,0.816,0.409,0.156
2020,IE,5566,0.917,0.917,0.899,0.089,0.117
2020,IS,842,0.951,0.951,0.95,0.028,0.04
2020,IT,25408,0.83,0.829,0.822,0.313,0.154
2020,LI,64,0.938,0.938,0.938,0.1,0.233
2020,LT,16409,0.766,0.766,0.762,0.266,0.038
2020,LU,1332,0.902,0.902,0.897,0.209,0.495
2020,LV,16055,0.894,0.894,0.894,0.193,0.026
2020,MK,1348,0.58,0.58,0.579,0.287,0.033
2020,MT,571,0.701,0.701,0.699,0.18,0.143
2020,NL,9953,0.893,0.893,0.891,0.179,0.105
2020,NO,6128,0.863,0.863,0.862,0.097,0.072
2020,PL,160633,0.786,0.786,0.786,0.512,0.149
2020,PT,7026,0.803,0.803,0.802,0.318,0.06
2020,RO,161791,0.566,0.566,0.566,0.328,0.13
2020,SE,18842,0.874,0.874,0.87,0.077,0.031
2020,SI,54612,0.689,0.689,0.676,0.613,0.25
2020,SK,4257,0.711,0.711,0.705,0.324,0.073
2020,UK,33670,0.911,0.911,0.899,0.248,0.144
2021,AT,7070,0.848,0.848,0.826,0.286,0.148
2021,BE,9240,0.796,0.796,0.777,0.231,0.167
2021,BG,26410,0.675,0.675,0.674,0.379,0.032
2021,CH,3942,0.926,0.926,0.926,0.095,0.09
2021,CY,699,0.916,0.916,0.914,0.41,0.089
2021,CZ,35087,0.881,0.881,0.841,0.492,0.081
2021,DE,90206,0.879,0.879,0.85,0.224,0.047
2021,DK,8563,0.761,0.761,0.702,0.206,0.11
2021,EE,8209,0.81,0.81,0.81,0.252,0.083
2021,ES,52104,0.812,0.812,0.811,0.297,0.025
2021,FI,11015,0.847,0.847,0.838,0.129,0.264
2021,FR,123900,0.874,0.874,0.868,0.184,0.089
2021,GR,11033,0.809,0.809,0.809,0.395,0.037
2021,HR,12582,0.836,0.836,0.836,0.227,0.065
2021,HU,13563,0.823,0.823,0.824,0.417,0.177
2021,IE,5889,0.887,0.887,0.865,0.085,0.129
2021,IS,357,0.854,0.854,0.846,0.106,0.167
2021,IT,35391,0.85,0.85,0.839,0.34,0.144
2021,LI,76,0.974,0.974,0.947,0.167,0.351
2021,LT,16909,0.728,0.728,0.726,0.3,0.049
2021,LU,1485,0.919,0.919,0.906,0.198,0.418
2021,LV,16904,0.884,0.884,0.883,0.313,0.05
2021,MK,826,0.776,0.776,0.775,0.213,0.037
2021,MT,795,0.75,0.75,0.75,0.131,0.185
2021,NL,12968,0.876,0.876,0.874,0.159,0.142
2021,NO,6771,0.88,0.88,0.876,0.115,0.047
2021,PL,168317,0.789,0.789,0.789,0.508,0.1
2021,PT,8011,0.807,0.807,0.804,0.26,0.056
2021,RO,181390,0.584,0.584,0.584,0.228,0.13
2021,SE,22242,0.889,0.889,0.888,0.089,0.028
2021,SI,54691,0.691,0.691,0.677,0.613,0.223
2021,SK,5075,0.716,0.716,0.716,0.297,0.066
2021,UK,17421,0.909,0.909,0.898,0.154,0.147
2022,AT,7005,0.78,0.78,0.765,0.321,0.146
2022,BE,9186,0.793,0.793,0.778,0.259,0.194
2022,BG,25055,0.683,0.683,0.682,0.443,0.03
2022,CH,3741,0.92,0.92,0.92,0.129,0.115
2022,CY,1093,0.901,0.901,0.901,0.351,0.063
2022,CZ,39820,0.857,0.857,0.809,0.512,0.084
2022,DE,92379,0.858,0.858,0.837,0.279,0.048
2022,DK,9532,0.727,0.727,0.704,0.243,0.091
2022,EE,7867,0.8,0.8,0.8,0.288,0.083
2022,ES,63938,0.809,0.809,0.804,0.284,0.025
2022,FI,12674,0.817,0.817,0.812,0.132,0.141
2022,FR,115379,0.85,0.85,0.841,0.219,0.094
2022,GR,12638,0.808,0.808,0.808,0.483,0.056
2022,HR,13482,0.808,0.808,0.808,0.221,0.063
2022,HU,14766,0.78,0.78,0.781,0.399,0.169
2022,IE,4670,0.858,0.858,0.833,0.184,0.165
2022,IS,309,0.909,0.909,0.906,0.139,0.139
2022,IT,32857,0.82,0.82,0.813,0.357,0.156
2022,LI,91,0.956,0.956,0.956,0.218,0.31
2022,LT,17538,0.731,0.731,0.73,0.362,0.043
2022,LU,1626,0.894,0.894,0.884,0.215,0.493
2022,LV,19743,0.854,0.854,0.847,0.321,0.04
2022,MK,958,0.815,0.815,0.815,0.205,0.032
2022,MT,1065,0.706,0.706,0.706,0.25,0.156
2022,NL,12171,0.888,0.888,0.886,0.22,0.105
2022,NO,6894,0.851,0.851,0.851,0.145,0.06
2022,PL,184454,0.777,0.777,0.777,0.532,0.062
2022,PT,8312,0.827,0.827,0.827,0.281,0.047
2022,RO,190624,0.592,0.592,0.592,0.222,0.149
2022,SE,22674,0.887,0.887,0.885,0.106,0.033
2022,SI,18622,0.772,0.772,0.764,0.511,0.242
2022,SK,7229,0.774,0.774,0.774,0.329,0.065
2022,UK,5480,0.877,0.877,0.867,0.11,0.113
2023,AT,5694,0.805,0.804,0.783,0.313,0.15
2023,BE,7110,0.771,0.771,0.75,0.259,0.183
2023,BG,19333,0.71,0.71,0.711,0.468,0.037
2023,CH,2922,0.926,0.926,0.926,0.129,0.109
2023,CY,780,0.856,0.856,0.855,0.261,0.066
2023,CZ,31336,0.87,0.87,0.821,0.478,0.094
2023,DE,77165,0.86,0.86,0.848,0.273,0.047
2023,DK,7221,0.799,0.799,0.767,0.206,0.082
2023,EE,3507,0.78,0.78,0.78,0.293,0.072
2023,ES,47064,0.819,0.819,0.811,0.304,0.036
2023,FI,10950,0.842,0.842,0.836,0.128,0.12
2023,FR,94280,0.858,0.857,0.851,0.21,0.091
2023,GR,8901,0.796,0.795,0.796,0.49,0.042
2023,HR,10350,0.832,0.832,0.832,0.244,0.059
2023,HU,11332,0.808,0.807,0.808,0.385,0.15
2023,IE,4009,0.888,0.888,0.869,0.159,0.149
2023,IS,336,0.842,0.842,0.842,0.095,0.071
2023,IT,30675,0.833,0.833,0.828,0.36,0.14
2023,LI,35,0.971,0.971,0.971,0.206,0.412
2023,LT,14324,0.754,0.754,0.751,0.389,0.036
2023,LU,1000,0.912,0.912,0.903,0.277,0.352
2023,LV,17292,0.874,0.874,0.867,0.275,0.037
2023,MK,823,0.823,0.823,0.821,0.266,0.041
2023,MT,894,0.749,0.749,0.749,0.267,0.143
2023,NL,8873,0.893,0.893,0.89,0.242,0.098
2023,NO,4616,0.859,0.859,0.86,0.128,0.06
2023,PL,148493,0.792,0.791,0.791,0.55,0.057
2023,PT,8529,0.824,0.824,0.824,0.293,0.045
2023,RO,153507,0.516,0.516,0.516,0.255,0.145
2023,SE,18062,0.89,0.89,0.888,0.095,0.035
2023,SI,11881,0.743,0.743,0.73,0.4,0.29
2023,SK,6700,0.83,0.83,0.83,0.368,0.05
2023,UK,3294,0.951,0.951,0.95,0.068,0.073
