currency,month,rate
BGN,2023-01,1.9558
BGN,2023-02,1.9558
BGN,2023-03,1.9558
BGN,2023-04,1.9558
BGN,2023-05,1.9558
BGN,2023-06,1.9558
BGN,2023-07,1.9558
BGN,2023-08,1.9558
BGN,2023-09,1.9558
BGN,2023-10,1.9558
BGN,2023-11,1.9558
BGN,2023-12,1.9558
BGN,2024-01,1.9558
BGN,2024-02,1.9558
BGN,2024-03,1.9558
BGN,2024-04,1.9558
BGN,2024-05,1.9558
BGN,2024-06,1.9558
BGN,2024-07,1.9558
BGN,2024-08,1.9558
BGN,2024-09,1.9558
BGN,2024-10,1.9558
BGN,2024-11,1.9558
BGN,2024-12,1.9558
BGN,2025-01,1.9558
BGN,2025-02,1.9558
BGN,2025-03,1.9558
BGN,2025-04,1.9558
BGN,2025-05,1.9558
BGN,2025-06,1.9558
BGN,2025-07,1.9558
BGN,2025-08,1.9558
BGN,2025-09,1.9558
BGN,2025-10,1.9558
BGN,2025-11,1.9558
BGN,2025-12,1.9558
CHF,2023-01,0.9960909090909
CHF,2023-02,0.990485
CHF,2023-03,0.9907869565217
CHF,2023-04,0.9845611111111
CHF,2023-05,0.9750636363636
CHF,2023-06,0.9764
CHF,2023-07,0.9663142857143
CHF,2023-08,0.958752173913
CHF,2023-09,0.9599952380952
CHF,2023-10,0.9547318181818
CHF,2023-11,0.9634454545455
CHF,2023-12,0.9441315789474
CHF,2024-01,0.9368227272727
CHF,2024-02,0.946219047619
CHF,2024-03,0.965565
CHF,2024-04,0.9760666666667
CHF,2024-05,0.9830045454545
CHF,2024-06,0.96155
CHF,2024-07,0.9676
CHF,2024-08,0.9450090909091
CHF,2024-09,0.9413571428571
CHF,2024-10,0.9385826086957
CHF,2024-11,0.9355380952381
CHF,2024-12,0.933925
CHF,2025-01,0.9413954545455
CHF,2025-02,0.941345
CHF,2025-03,0.9547619047619
CHF,2025-04,0.9369949999999999
CHF,2025-05,0.935604761904762
CHF,2025-06,0.9380333333333335
CHF,2025-07,0.9324695652173913
CHF,2025-08,0.9386666666666665
CHF,2025-09,0.9349590909090907
CHF,2025-10,0.9289304347826091
CHF,2025-11,0.9289649999999996
CHF,2025-12,0.9331619047619047
CHF,2026-01,0.9271952380952381
CHF,2026-02,0.9140349999999999
CHF,2026-03,0.9094272727272726
CHF,2026-04,0.921345
CHF,2026-05,0.914945
CHF,2026-06,0.9205454545454544
CHF,2026-07,0.9255739130434782
CHF,2026-08,0.9361857142857143
CZK,2023-01,23.9582272727273
CZK,2023-02,23.71235
CZK,2023-03,23.6831304347826
CZK,2023-04,23.4368888888889
CZK,2023-05,23.5947727272727
CZK,2023-06,23.6950909090909
CZK,2023-07,23.8924285714286
CZK,2023-08,24.1081304347826
CZK,2023-09,24.380380952381
CZK,2023-10,24.5843636363636
CZK,2023-11,24.4847727272727
CZK,2023-12,24.4775789473684
CZK,2024-01,24.7158181818182
CZK,2024-02,25.2320476190476
CZK,2024-03,25.29185
CZK,2024-04,25.2780476190476
CZK,2024-05,24.8185
CZK,2024-06,24.77875
CZK,2024-07,25.298652173913
CZK,2024-08,25.1787727272727
CZK,2024-09,25.0994285714286
CZK,2024-10,25.298
CZK,2024-11,25.3011428571429
CZK,2024-12,25.13605
CZK,2025-01,25.1633181818182
CZK,2025-02,25.07665
CZK,2025-03,25.0012380952381
CZK,2025-04,25.038950000000003
CZK,2025-05,24.922857142857143
CZK,2025-06,24.804285714285715
CZK,2025-07,24.624608695652178
CZK,2025-08,24.516619047619045
CZK,2025-09,24.346772727272732
CZK,2025-10,24.31539130434783
CZK,2025-11,24.234049999999996
CZK,2025-12,24.259285714285717
CZK,2026-01,24.278142857142853
CZK,2026-02,24.2596
CZK,2026-03,24.437681818181815
CZK,2026-04,24.3813
CZK,2026-05,24.312900000000003
CZK,2026-06,24.208227272727274
CZK,2026-07,24.20726086956522
CZK,2026-08,24.178809523809527
DKK,2023-01,7.4383090909091
DKK,2023-02,7.44472
DKK,2023-03,7.4456434782609
DKK,2023-04,7.4517944444444
DKK,2023-05,7.4485318181818
DKK,2023-06,7.4492318181818
DKK,2023-07,7.4507857142857
DKK,2023-08,7.452152173913
DKK,2023-09,7.456580952381
DKK,2023-10,7.4604181818182
DKK,2023-11,7.4580863636364
DKK,2023-12,7.4556368421053
DKK,2024-01,7.4572
DKK,2024-02,7.4549904761905
DKK,2024-03,7.456575
DKK,2024-04,7.4595904761905
DKK,2024-05,7.4605590909091
DKK,2024-06,7.45916
DKK,2024-07,7.4606
DKK,2024-08,7.4614454545455
DKK,2024-09,7.4599714285714
DKK,2024-10,7.4592652173913
DKK,2024-11,7.4582761904762
DKK,2024-12,7.45892
DKK,2025-01,7.4608954545455
DKK,2025-02,7.4592
DKK,2025-03,7.4596523809524
DKK,2025-04,7.464814999999999
DKK,2025-05,7.46
DKK,2025-06,7.459700000000001
DKK,2025-07,7.462517391304349
DKK,2025-08,7.463752380952381
DKK,2025-09,7.464386363636362
DKK,2025-10,7.468039130434784
DKK,2025-11,7.4679449999999985
DKK,2025-12,7.469633333333333
DKK,2026-01,7.470266666666666
DKK,2026-02,7.4702
DKK,2026-03,7.471686363636365
DKK,2026-04,7.472795
DKK,2026-05,7.4728150000000015
DKK,2026-06,7.474431818181819
DKK,2026-07,7.475178260869566
DKK,2026-08,7.475519047619047
GBP,2023-01,0.8821231818182
GBP,2023-02,0.8855
GBP,2023-03,0.8819204347826
GBP,2023-04,0.88115
GBP,2023-05,0.870405
GBP,2023-06,0.8586063636364
GBP,2023-07,0.8585561904762
GBP,2023-08,0.8589208695652
GBP,2023-09,0.8615842857143
GBP,2023-10,0.8679836363636
GBP,2023-11,0.8704540909091
GBP,2023-12,0.8616826315789
GBP,2024-01,0.8587309090909
GBP,2024-02,0.8546623809524
GBP,2024-03,0.8552375
GBP,2024-04,0.8565766666667
GBP,2024-05,0.8556404545455
GBP,2024-06,0.8464315
GBP,2024-07,0.843317826087
GBP,2024-08,0.8515036363636
GBP,2024-09,0.8402123809524
GBP,2024-10,0.8349586956522
GBP,2024-11,0.8337876190476
GBP,2024-12,0.828042
GBP,2025-01,0.8390809090909
GBP,2025-02,0.83071
GBP,2025-03,0.8370252380952
GBP,2025-04,0.8537865
GBP,2025-05,0.8434952380952383
GBP,2025-06,0.8498095238095237
GBP,2025-07,0.8646869565217391
GBP,2025-08,0.8652761904761904
GBP,2025-09,0.8689454545454546
GBP,2025-10,0.8715521739130435
GBP,2025-11,0.8799649999999998
GBP,2025-12,0.875
GBP,2026-01,0.8682809523809522
GBP,2026-02,0.870315
GBP,2026-03,0.8663109090909092
GBP,2026-04,0.8693330000000001
GBP,2026-05,0.865648
GBP,2026-06,0.8637199999999999
GBP,2026-07,0.8539152173913043
GBP,2026-08,0.8560557142857144
HUF,2023-01,396.0322727272728
HUF,2023-02,384.914
HUF,2023-03,385.0130434782609
HUF,2023-04,375.3361111111111
HUF,2023-05,372.370909090909
HUF,2023-06,370.6022727272727
HUF,2023-07,379.0352380952381
HUF,2023-08,385.0465217391304
HUF,2023-09,386.4290476190476
HUF,2023-10,385.3327272727273
HUF,2023-11,379.1945454545456
HUF,2023-12,381.8031578947368
HUF,2024-01,382.0418181818181
HUF,2024-02,388.0390476190476
HUF,2024-03,395.087
HUF,2024-04,392.4114285714286
HUF,2024-05,387.1827272727273
HUF,2024-06,394.763
HUF,2024-07,392.8360869565217
HUF,2024-08,394.6954545454546
HUF,2024-09,394.8633333333333
HUF,2024-10,401.9013043478261
HUF,2024-11,409.2514285714285
HUF,2024-12,411.986
HUF,2025-01,411.7254545454546
HUF,2025-02,403.1285
HUF,2025-03,399.805238095238
HUF,2025-04,406.43699999999995
HUF,2025-05,403.9385714285714
HUF,2025-06,402.0780952380952
HUF,2025-07,399.19217391304346
HUF,2025-08,396.4542857142857
HUF,2025-09,391.63000000000005
HUF,2025-10,389.9117391304349
HUF,2025-11,384.2010000000001
HUF,2025-12,384.96999999999997
HUF,2026-01,384.177619047619
HUF,2026-02,378.6065
HUF,2026-03,389.18636363636364
HUF,2026-04,368.95950000000005
HUF,2026-05,358.23099999999994
HUF,2026-06,353.93863636363636
HUF,2026-07,359.46826086956514
HUF,2026-08,363.3823809523809
ISK,2023-01,154.0636363636363
ISK,2023-02,153.11
ISK,2023-03,149.8913043478261
ISK,2023-04,149.6222222222222
ISK,2023-05,150.4727272727273
ISK,2023-06,149.3545454545455
ISK,2023-07,146.7857142857143
ISK,2023-08,143.8739130434782
ISK,2023-09,144.4619047619048
ISK,2023-10,146.5
ISK,2023-11,151.4363636363637
ISK,2023-12,150.5526315789474
ISK,2024-01,149.4272727272727
ISK,2024-02,148.6809523809524
ISK,2024-03,149.04
ISK,2024-04,150.3476190476191
ISK,2024-05,150
ISK,2024-06,149.36
ISK,2024-07,149.4304347826087
ISK,2024-08,151.8363636363636
ISK,2024-09,152.2142857142857
ISK,2024-10,149.0739130434783
ISK,2024-11,146.7190476190476
ISK,2024-12,145.24
ISK,2025-01,145.4
ISK,2025-02,146.255
ISK,2025-03,145.2619047619048
ISK,2025-04,145.00150000000002
ISK,2025-05,145.4904761904762
ISK,2025-06,143.44761904761899
ISK,2025-07,142.39130434782604
ISK,2025-08,143.09523809523813
ISK,2025-09,142.9818181818182
ISK,2025-10,142.22173913043477
ISK,2025-11,146.831
ISK,2025-12,148.19047619047618
ISK,2026-01,146.32380952380953
ISK,2026-02,144.75000000000003
ISK,2026-03,144.04
ISK,2026-04,143.73449999999997
ISK,2026-05,143.55
ISK,2026-06,143.93636363636367
ISK,2026-07,143.26956521739132
ISK,2026-08,141.7619047619048
NOK,2023-01,10.71485
NOK,2023-02,10.952935
NOK,2023-03,11.2857913043478
NOK,2023-04,11.5186666666667
NOK,2023-05,11.733
NOK,2023-06,11.7164227272727
NOK,2023-07,11.347419047619
NOK,2023-08,11.4126565217391
NOK,2023-09,11.4524952380952
NOK,2023-10,11.6283545454545
NOK,2023-11,11.7957636363636
NOK,2023-12,11.5332631578947
NOK,2024-01,11.3500863636364
NOK,2024-02,11.3842857142857
NOK,2024-03,11.52139
NOK,2024-04,11.6828
NOK,2024-05,11.5987545454545
NOK,2024-06,11.4178
NOK,2024-07,11.7160347826087
NOK,2024-08,11.7894909090909
NOK,2024-09,11.7852428571429
NOK,2024-10,11.7907086956522
NOK,2024-11,11.7407619047619
NOK,2024-12,11.744705
NOK,2025-01,11.7455727272727
NOK,2025-02,11.657395
NOK,2025-03,11.547180952381
NOK,2025-04,11.837979999999998
NOK,2025-05,11.596766666666666
NOK,2025-06,11.584133333333332
NOK,2025-07,11.85369565217391
NOK,2025-08,11.865280952380957
NOK,2025-09,11.670181818181817
NOK,2025-10,11.663252173913042
NOK,2025-11,11.740205000000001
NOK,2025-12,11.842847619047618
NOK,2026-01,11.666966666666667
NOK,2026-02,11.320600000000002
NOK,2026-03,11.165750000000003
NOK,2026-04,11.033190000000001
NOK,2026-05,10.793550000000002
NOK,2026-06,11.033795454545453
NOK,2026-07,11.082208695652174
NOK,2026-08,10.92737142857143
PLN,2023-01,4.6974181818182
PLN,2023-02,4.74153
PLN,2023-03,4.689347826087
PLN,2023-04,4.6320111111111
PLN,2023-05,4.53445
PLN,2023-06,4.4608
PLN,2023-07,4.443080952381
PLN,2023-08,4.4601173913043
PLN,2023-09,4.5980904761905
PLN,2023-10,4.5124363636364
PLN,2023-11,4.4019590909091
PLN,2023-12,4.3335157894737
PLN,2024-01,4.3647909090909
PLN,2024-02,4.325580952381
PLN,2024-03,4.3069
PLN,2024-04,4.3026095238095
PLN,2024-05,4.2796409090909
PLN,2024-06,4.32094
PLN,2024-07,4.2817304347826
PLN,2024-08,4.2917227272727
PLN,2024-09,4.2760571428571
PLN,2024-10,4.316952173913
PLN,2024-11,4.3316571428571
PLN,2024-12,4.27039
PLN,2025-01,4.2466545454545
PLN,2025-02,4.172225
PLN,2025-03,4.1820095238095
PLN,2025-04,4.265219999999999
PLN,2025-05,4.2538
PLN,2025-06,4.265771428571427
PLN,2025-07,4.254147826086958
PLN,2025-08,4.2613047619047615
PLN,2025-09,4.258886363636364
PLN,2025-10,4.248791304347826
PLN,2025-11,4.237635
PLN,2025-12,4.223857142857144
PLN,2026-01,4.212657142857142
PLN,2026-02,4.218359999999999
PLN,2026-03,4.271463636363635
PLN,2026-04,4.250185
PLN,2026-05,4.241155000000001
PLN,2026-06,4.2568
PLN,2026-07,4.317943478260869
PLN,2026-08,4.309576190476191
RON,2023-01,4.9242272727273
RON,2023-02,4.908675
RON,2023-03,4.9263260869565
RON,2023-04,4.9364944444444
RON,2023-05,4.9477227272727
RON,2023-06,4.9599818181818
RON,2023-07,4.9410904761905
RON,2023-08,4.9410739130435
RON,2023-09,4.9656142857143
RON,2023-10,4.9681772727273
RON,2023-11,4.9702545454545
RON,2023-12,4.9707157894737
RON,2024-01,4.9749272727273
RON,2024-02,4.974619047619
RON,2024-03,4.970765
RON,2024-04,4.9730285714286
RON,2024-05,4.9753818181818
RON,2024-06,4.97674
RON,2024-07,4.973
RON,2024-08,4.9765681818182
RON,2024-09,4.9743761904762
RON,2024-10,4.9750043478261
RON,2024-11,4.9762380952381
RON,2024-12,4.974875
RON,2025-01,4.9751863636364
RON,2025-02,4.977015
RON,2025-03,4.9767523809524
RON,2025-04,4.9775350000000005
RON,2025-05,5.071423809523809
RON,2025-06,5.045433333333333
RON,2025-07,5.071617391304349
RON,2025-08,5.06512380952381
RON,2025-09,5.073959090909091
RON,2025-10,5.087182608695653
RON,2025-11,5.086735000000001
RON,2025-12,5.091276190476191
RON,2026-01,5.091895238095239
RON,2026-02,5.094485
RON,2026-03,5.0953954545454545
RON,2026-04,5.09905
RON,2026-05,5.229614999999999
RON,2026-06,5.242072727272728
RON,2026-07,5.237186956521739
RON,2026-08,5.2493285714285705
SEK,2023-01,11.2050909090909
SEK,2023-02,11.172465
SEK,2023-03,11.227552173913
SEK,2023-04,11.3369944444444
SEK,2023-05,11.3696772727273
SEK,2023-06,11.6765954545455
SEK,2023-07,11.6343238095238
SEK,2023-08,11.8117
SEK,2023-09,11.8417380952381
SEK,2023-10,11.6472409090909
SEK,2023-11,11.5474909090909
SEK,2023-12,11.2028421052632
SEK,2024-01,11.2833772727273
SEK,2024-02,11.249980952381
SEK,2024-03,11.30538
SEK,2024-04,11.5909619047619
SEK,2024-05,11.6186045454545
SEK,2024-06,11.28512
SEK,2024-07,11.5324043478261
SEK,2024-08,11.4556590909091
SEK,2024-09,11.3577285714286
SEK,2024-10,11.404752173913
SEK,2024-11,11.5828333333333
SEK,2024-12,11.50403
SEK,2025-01,11.4796727272727
SEK,2025-02,11.24739
SEK,2025-03,10.9675142857143
SEK,2025-04,10.974425
SEK,2025-05,10.881166666666667
SEK,2025-06,11.009419047619048
SEK,2025-07,11.198521739130436
SEK,2025-08,11.160952380952379
SEK,2025-09,11.000386363636363
SEK,2025-10,10.969926086956523
SEK,2025-11,10.99145
SEK,2025-12,10.89557142857143
SEK,2026-01,10.681490476190476
SEK,2026-02,10.635085
SEK,2026-03,10.761431818181817
SEK,2026-04,10.834800000000001
SEK,2026-05,10.861250000000002
SEK,2026-06,10.95480909090909
SEK,2026-07,11.045778260869564
SEK,2026-08,11.023157142857144
