type,year,country,notices,rows_per_notice,value_share,fra_share,nuts2_share
can,2006,AT,1363,1.4,0.98,0.07,0.66
can,2006,BE,1013,1.8,0.97,0.11,0.77
can,2006,CH,397,1.6,1,0,
can,2006,CY,234,2.8,1,0.03,0.78
can,2006,CZ,2288,1.3,1,0.01,0.88
can,2006,DE,10411,1.6,0.98,0.08,0.91
can,2006,DK,933,2,0.94,0.28,0.95
can,2006,EE,461,1.4,0.96,0.01,
can,2006,ES,7543,1.9,0.99,0.01,0.9
can,2006,FI,1052,2.7,1,0.22,
can,2006,FR,26044,3.2,0.94,0.03,0.86
can,2006,GR,1159,2,0.99,0.03,0.85
can,2006,HU,1844,2.3,0.97,0.02,0.72
can,2006,IE,780,2,0.99,0.14,0.3
can,2006,IS,75,1.8,0.92,0.27,
can,2006,IT,5890,1.8,0.97,0.03,0.94
can,2006,LT,1894,2.1,1,0.02,0.92
can,2006,LU,280,1.1,0.99,0,0.32
can,2006,LV,799,3.3,1,0.15,1
can,2006,MT,64,1.2,1,0,0.2
can,2006,NL,2614,1.5,0.97,0.28,0.84
can,2006,NO,665,1.6,1,0.37,
can,2006,PL,11412,5,1,0.03,0.92
can,2006,PT,340,2.1,0.99,0.04,0.94
can,2006,SE,2212,2.6,0.97,0.52,0.96
can,2006,SI,681,3.3,0.99,0.02,0.82
can,2006,SK,716,1.9,0.98,0.23,0.7
can,2006,UK,6888,2.4,0.95,0.2,0.68
can,2007,AT,2140,1.2,0.97,0.06,0.69
can,2007,BE,1894,1.8,0.93,0.11,0.7
can,2007,BG,708,2.7,0.98,0.03,0.69
can,2007,CH,446,1.7,0.99,0,
can,2007,CY,249,2.7,0.97,0.02,0.78
can,2007,CZ,2484,1.4,0.99,0.04,0.9
can,2007,DE,13486,1.5,0.96,0.09,0.89
can,2007,DK,1355,2.3,0.96,0.29,0.87
can,2007,EE,565,1.4,0.91,0.04,0
can,2007,ES,9539,1.8,0.99,0.02,0.84
can,2007,FI,1686,2.5,0.9,0.14,0.83
can,2007,FR,32311,3.4,0.93,0.04,0.77
can,2007,GR,1825,1.8,0.99,0.05,0.84
can,2007,HR,1,1,1,0,
can,2007,HU,2121,2.1,0.89,0.03,0.75
can,2007,IE,1058,2.1,0.98,0.13,0.28
can,2007,IS,108,1.7,0.84,0.06,
can,2007,IT,7086,2.1,0.94,0.02,0.92
can,2007,LI,21,2.4,0.84,0.05,
can,2007,LT,1870,2.3,1,0.02,0.91
can,2007,LU,400,1.4,0.98,0.02,0.07
can,2007,LV,1176,3.1,0.92,0.12,1
can,2007,MT,90,1.1,1,0,0.43
can,2007,NL,3607,1.4,0.93,0.25,0.89
can,2007,NO,1499,1.7,1,0.38,0
can,2007,PL,12841,4.7,0.99,0.1,0.9
can,2007,PT,591,1.9,0.94,0.03,0.89
can,2007,RO,2663,3,1,0.12,1
can,2007,SE,3009,2.5,0.98,0.46,0.95
can,2007,SI,1088,4.4,0.95,0.1,0.68
can,2007,SK,748,2,0.85,0.21,0.66
can,2007,UK,9144,2.6,0.96,0.18,0.68
can,2008,AT,2282,1.5,0.91,0.07,0.73
can,2008,BE,2590,1.8,0.93,0.12,0.71
can,2008,BG,1900,2.3,0.99,0.13,0.65
can,2008,CH,484,1.4,1,0,
can,2008,CY,289,2.9,0.98,0.03,0.75
can,2008,CZ,3312,1.4,0.98,0.04,0.87
can,2008,DE,14090,1.5,0.94,0.09,0.89
can,2008,DK,1583,2.2,0.91,0.3,0.73
can,2008,EE,625,1.5,1,0.07,0
can,2008,ES,10224,1.8,0.98,0.02,0.87
can,2008,FI,2268,2.5,0.88,0.09,0.82
can,2008,FR,32298,3.7,0.95,0.09,0.77
can,2008,GR,1895,2,0.98,0.07,0.81
can,2008,HU,2367,2.4,0.96,0.03,0.78
can,2008,IE,1174,2,0.98,0.14,0.25
can,2008,IS,92,1.5,0.71,0.04,0.67
can,2008,IT,7928,2,0.95,0.02,0.93
can,2008,LI,14,3.4,0.8,0,1
can,2008,LT,2016,2.2,1,0.02,0.93
can,2008,LU,341,1.6,0.96,0.01,0.29
can,2008,LV,1165,3.5,0.96,0.16,0.98
can,2008,MK,14,1.8,0.38,0.14,0
can,2008,MT,94,1.4,1,0.01,0.83
can,2008,NL,3618,1.4,0.87,0.21,0.89
can,2008,NO,1740,1.8,0.99,0.41,0
can,2008,PL,14717,4.9,0.99,0.02,0.91
can,2008,PT,839,1.7,0.88,0.02,0.84
can,2008,RO,4925,3.2,1,0.15,0.5
can,2008,SE,3014,2.5,0.98,0.41,0.94
can,2008,SI,1536,5.1,0.98,0.22,0.33
can,2008,SK,880,2.5,0.95,0.24,0.7
can,2008,UK,9405,2.6,0.94,0.17,0.67
can,2009,AT,2674,1.2,0.94,0.06,0.77
can,2009,BE,3266,2,0.94,0.16,0.71
can,2009,BG,2018,2.3,0.99,0.09,0.73
can,2009,CH,747,1.2,1,0,
can,2009,CY,314,2.9,0.99,0.03,0.86
can,2009,CZ,4324,1.5,0.98,0.08,0.87
can,2009,DE,16923,1.5,0.94,0.09,0.9
can,2009,DK,1559,2.7,0.93,0.36,0.76
can,2009,EE,543,1.5,1,0.08,0
can,2009,ES,11265,1.9,0.97,0.04,0.86
can,2009,FI,2236,2.8,0.94,0.1,0.83
can,2009,FR,34652,3.7,0.96,0.23,0.8
can,2009,GR,1723,2.2,0.98,0.08,0.82
can,2009,HU,2742,2.4,0.95,0.04,0.87
can,2009,IE,987,2.7,0.96,0.19,0.27
can,2009,IS,50,3.6,0.86,0.2,0.13
can,2009,IT,8234,2.2,0.96,0.04,0.92
can,2009,LI,30,3.6,0.92,0.07,1
can,2009,LT,1448,2.9,1,0.02,0.82
can,2009,LU,405,1.5,0.96,0.08,0.56
can,2009,LV,791,5.1,0.97,0.16,0.96
can,2009,MK,56,1.1,0.75,0.39,0.28
can,2009,MT,49,1.2,1,0,0.95
can,2009,NL,3802,1.5,0.89,0.2,0.88
can,2009,NO,1972,1.9,0.98,0.39,0.7
can,2009,PL,19090,4.3,0.99,0.07,0.93
can,2009,PT,935,1.8,0.9,0.03,0.87
can,2009,RO,3568,3.2,1,0.21,0.74
can,2009,SE,3127,2.3,0.95,0.32,0.93
can,2009,SI,1406,5.2,0.98,0.22,0.36
can,2009,SK,875,2.4,0.97,0.23,0.74
can,2009,UK,9755,3.1,0.93,0.19,0.63
can,2010,AT,2413,1.4,0.94,0.07,0.78
can,2010,BE,3216,2,0.95,0.21,0.71
can,2010,BG,1931,3.5,0.99,0.1,0.77
can,2010,CH,1297,1.1,1,0,1
can,2010,CY,397,2.9,0.99,0.02,0.93
can,2010,CZ,4015,1.7,0.98,0.08,0.88
can,2010,DE,18511,1.7,0.95,0.1,0.9
can,2010,DK,1615,3,0.93,0.4,0.77
can,2010,EE,1135,1.4,1,0.07,0
can,2010,ES,11684,2.3,0.96,0.04,0.84
can,2010,FI,2513,2.8,0.96,0.09,0.85
can,2010,FR,38065,3.5,0.97,0.26,0.82
can,2010,GR,1252,2.4,0.99,0.05,0.88
can,2010,HR,2,1,1,0.5,1
can,2010,HU,2744,2.3,0.93,0.02,0.89
can,2010,IE,841,3.4,0.98,0.2,0.21
can,2010,IS,57,2.5,0.93,0.18,0.21
can,2010,IT,8102,2.3,0.97,0.04,0.92
can,2010,LI,25,2.5,1,0.04,1
can,2010,LT,1625,4.3,1,0.03,0.78
can,2010,LU,400,1.6,0.96,0.11,0.53
can,2010,LV,958,11,0.97,0.12,0.99
can,2010,MK,45,1.7,0.74,0.24,0.2
can,2010,MT,234,1.3,1,0,0.94
can,2010,NL,3837,1.7,0.93,0.22,0.88
can,2010,NO,1928,1.6,0.99,0.43,0.18
can,2010,PL,19472,5,0.99,0.03,0.91
can,2010,PT,1211,1.7,0.92,0.02,0.83
can,2010,RO,3438,3.7,1,0.26,0.94
can,2010,SE,3431,2.2,0.95,0.25,0.94
can,2010,SI,1342,4.7,0.97,0.23,0.38
can,2010,SK,827,2.3,0.99,0.17,0.77
can,2010,UK,9414,3.5,0.93,0.21,0.62
can,2011,AT,2381,1.4,0.96,0.07,0.8
can,2011,BE,3492,2,0.97,0.14,0.72
can,2011,BG,2804,2.6,1,0.14,0.79
can,2011,CH,1153,1.1,1,0,1
can,2011,CY,452,2.3,1,0,0.98
can,2011,CZ,3961,1.5,1,0.07,0.88
can,2011,DE,19383,1.6,0.95,0.1,0.9
can,2011,DK,2059,2.6,0.93,0.37,0.8
can,2011,EE,1040,1.6,1,0.18,0
can,2011,ES,10026,2.2,0.96,0.04,0.76
can,2011,FI,2758,2.6,0.94,0.08,0.82
can,2011,FR,40124,3.4,0.98,0.26,0.85
can,2011,GR,1090,3.2,0.97,0.07,0.87
can,2011,HR,1,1,1,0,1
can,2011,HU,2169,2.9,0.97,0.03,0.84
can,2011,IE,860,5.3,0.98,0.27,0.2
can,2011,IS,49,7.3,1,0.35,0.2
can,2011,IT,8293,2.4,0.97,0.04,0.91
can,2011,LI,10,5.4,0.89,0,0.5
can,2011,LT,2404,4.1,1,0.02,0.83
can,2011,LU,470,2.5,0.98,0.09,0.47
can,2011,LV,1263,9.2,0.99,0.16,1
can,2011,MK,46,2.5,1,0.22,0.14
can,2011,MT,157,1.2,1,0,0.95
can,2011,NL,3808,2.1,0.97,0.18,0.85
can,2011,NO,1799,1.7,1,0.45,0.55
can,2011,PL,24725,4.7,1,0.1,0.89
can,2011,PT,1325,1.8,0.87,0.03,0.89
can,2011,RO,4045,4.4,1,0.31,0.95
can,2011,SE,3592,2.2,0.92,0.22,0.91
can,2011,SI,1412,4.5,0.96,0.23,0.33
can,2011,SK,878,2.5,0.99,0.17,0.78
can,2011,UK,8678,4.2,0.93,0.22,0.6
can,2012,AT,2586,1.5,0.97,0.1,0.83
can,2012,BE,3664,2.1,0.97,0.14,0.72
can,2012,BG,3579,3,1,0.11,0.77
can,2012,CH,1300,1.1,1,0,
can,2012,CY,368,2.5,0.99,0.01,0.99
can,2012,CZ,4967,1.7,0.99,0.08,0.86
can,2012,DE,20097,1.7,0.95,0.11,0.9
can,2012,DK,2452,2.3,0.91,0.34,0.79
can,2012,EE,1206,1.8,1,0.19,0
can,2012,ES,8720,2.1,0.96,0.05,0.68
can,2012,FI,2584,2.6,0.94,0.11,0.83
can,2012,FR,38803,3.4,0.98,0.22,0.86
can,2012,GR,1317,3,0.97,0.05,0.89
can,2012,HU,1794,2.9,0.95,0.04,0.87
can,2012,IE,788,4.6,0.96,0.28,0.21
can,2012,IS,66,3.9,0.88,0.05,0
can,2012,IT,7865,2.8,0.96,0.05,0.89
can,2012,LI,4,3,1,0,
can,2012,LT,2381,6.1,1,0.03,0.9
can,2012,LU,436,1.7,0.98,0.15,0.32
can,2012,LV,1389,8.4,0.98,0.15,1
can,2012,MK,62,2.3,0.8,0.18,0.25
can,2012,MT,185,1.1,0.99,0,0.91
can,2012,NL,3621,1.8,0.98,0.19,0.77
can,2012,NO,1948,1.7,1,0.44,0.72
can,2012,PL,24465,5,0.99,0.08,0.88
can,2012,PT,1076,1.7,0.83,0.06,0.95
can,2012,RO,3801,5.6,1,0.36,0.95
can,2012,SE,3916,2.4,0.86,0.25,0.84
can,2012,SI,1404,5.6,0.97,0.32,0.33
can,2012,SK,1283,3.4,0.99,0.21,0.73
can,2012,UK,8389,4.6,0.94,0.22,0.61
can,2013,AT,2268,1.6,0.97,0.11,0.75
can,2013,BE,3749,2,0.98,0.14,0.68
can,2013,BG,4742,2.4,1,0.03,0.79
can,2013,CH,1579,1.2,1,0,1
can,2013,CY,372,2.8,0.95,0.02,1
can,2013,CZ,5515,1.7,0.99,0.07,0.89
can,2013,DE,20868,1.7,0.94,0.11,0.9
can,2013,DK,2411,2.8,0.92,0.34,0.8
can,2013,EE,1052,1.8,1,0.18,0
can,2013,ES,8694,2.2,0.95,0.06,0.67
can,2013,FI,2634,2.6,0.92,0.1,0.86
can,2013,FR,38550,3.3,0.97,0.26,0.87
can,2013,GR,1732,2.3,0.97,0.08,0.87
can,2013,HR,157,2.8,1,0.19,0.5
can,2013,HU,2441,3,0.9,0.04,0.9
can,2013,IE,744,3.1,0.84,0.23,0.17
can,2013,IS,51,2.8,1,0.2,0.24
can,2013,IT,7592,2.6,0.96,0.05,0.89
can,2013,LI,2,1.5,1,0,
can,2013,LT,2439,3.1,1,0.03,0.84
can,2013,LU,530,1.8,0.98,0.14,0.17
can,2013,LV,1279,9.9,1,0.15,0.99
can,2013,MK,56,2.1,0.92,0.23,0.33
can,2013,MT,158,1.2,0.99,0.04,0.96
can,2013,NL,3811,1.7,0.98,0.22,0.67
can,2013,NO,2094,1.8,1,0.46,0.72
can,2013,PL,23923,5.4,1,0.02,0.87
can,2013,PT,1318,2,0.83,0.09,0.92
can,2013,RO,3730,4.8,1,0.41,0.94
can,2013,SE,4200,2.4,0.83,0.41,0.85
can,2013,SI,1399,5,1,0.28,0.42
can,2013,SK,1454,6.3,0.99,0.37,0.69
can,2013,UK,7893,4.4,0.95,0.22,0.59
can,2014,AT,2341,1.4,0.99,0.11,0.79
can,2014,BE,3728,2.2,0.98,0.19,0.7
can,2014,BG,4732,2.6,1,0.02,0.82
can,2014,CH,1785,1.2,1,0,1
can,2014,CY,337,3,1,0.04,0.99
can,2014,CZ,6099,2,1,0.08,0.9
can,2014,DE,21483,1.8,0.97,0.13,0.89
can,2014,DK,2250,2.6,0.96,0.35,0.79
can,2014,EE,1304,1.8,1,0.3,0
can,2014,ES,9383,2.3,0.97,0.06,0.67
can,2014,FI,2581,2.9,0.95,0.08,0.85
can,2014,FR,36111,3.4,0.98,0.26,0.87
can,2014,GR,4554,1.5,0.99,0.02,0.96
can,2014,HR,1366,3.7,1,0.29,0.58
can,2014,HU,2073,3,1,0.04,0.89
can,2014,IE,810,3.3,0.93,0.27,0.22
can,2014,IS,49,4.4,0.75,0.12,0.2
can,2014,IT,7497,2.8,0.98,0.05,0.9
can,2014,LI,1,2,,0,
can,2014,LT,2193,7.5,1,0.04,0.83
can,2014,LU,521,1.5,0.99,0.15,0.22
can,2014,LV,1446,8,1,0.17,1
can,2014,MK,146,3,0.91,0.16,0.24
can,2014,MT,216,1.8,1,0.03,0.96
can,2014,NL,3828,2,0.99,0.07,0.62
can,2014,NO,1916,1.8,1,0.41,0.38
can,2014,PL,22910,5.8,1,0.02,0.87
can,2014,PT,2156,1.5,0.96,0.03,0.92
can,2014,RO,3946,5.6,1,0.42,0.94
can,2014,SE,3943,2.7,0.92,0.42,0.91
can,2014,SI,1341,4.1,1,0.29,0.38
can,2014,SK,1305,2.6,1,0.25,0.66
can,2014,UK,8031,4.3,0.97,0.22,0.58
can,2015,AT,2261,1.6,0.98,0.13,0.78
can,2015,BE,3570,2.1,0.99,0.27,0.69
can,2015,BG,4943,2.3,1,0.02,0.81
can,2015,CH,3651,1.2,1,0,1
can,2015,CY,284,2.1,1,0.03,0.99
can,2015,CZ,6893,2.1,0.99,0.09,0.85
can,2015,DE,24306,1.7,0.97,0.13,0.89
can,2015,DK,2379,2.5,0.97,0.37,0.73
can,2015,EE,1838,1.7,1,0.46,0
can,2015,ES,10045,2.2,0.97,0.07,0.68
can,2015,FI,2502,2.8,0.92,0.1,0.85
can,2015,FR,36752,3.3,0.96,0.27,0.87
can,2015,GR,2522,2.1,0.99,0.03,0.9
can,2015,HR,1627,5.6,1,0.33,0.55
can,2015,HU,2155,3,1,0.03,0.92
can,2015,IE,789,3.2,0.99,0.28,0.27
can,2015,IS,44,2,1,0.14,0.38
can,2015,IT,7866,2.7,0.97,0.06,0.9
can,2015,LI,2,1,1,0,1
can,2015,LT,2125,3.8,1,0.04,0.94
can,2015,LU,516,2.5,0.98,0.11,0.22
can,2015,LV,1647,7.4,1,0.15,1
can,2015,MK,609,3,0.92,0.04,0.35
can,2015,MT,282,1.7,1,0.04,0.97
can,2015,NL,4182,2.1,0.99,0.07,0.6
can,2015,NO,2232,1.9,1,0.45,0.43
can,2015,PL,22487,5.7,1,0.02,0.87
can,2015,PT,2860,1.4,0.97,0.02,0.91
can,2015,RO,4901,5.9,1,0.46,0.95
can,2015,SE,4375,2.8,0.95,0.42,0.91
can,2015,SI,1460,5,1,0.32,0.39
can,2015,SK,1570,2.3,1,0.23,0.69
can,2015,UK,8910,5,0.98,0.22,0.59
can,2016,AT,2652,1.6,0.92,0.12,0.76
can,2016,BE,3749,2.3,0.97,0.3,0.67
can,2016,BG,5717,2.4,0.94,0.03,0.87
can,2016,CH,3728,1.2,1,0,0.04
can,2016,CY,397,2.2,1,0.02,0.99
can,2016,CZ,5752,2.2,0.94,0.12,0.82
can,2016,DE,28070,1.8,0.95,0.14,0.86
can,2016,DK,2515,3,0.85,0.36,0.71
can,2016,EE,1115,2.7,1,0.34,0
can,2016,ES,10249,2.5,0.97,0.07,0.69
can,2016,FI,2769,2.7,0.91,0.14,0.79
can,2016,FR,34357,3.3,0.94,0.28,0.82
can,2016,GR,3205,1.8,0.98,0.02,0.95
can,2016,HR,1522,4.2,1,0.33,0.56
can,2016,HU,1838,3.7,0.9,0.06,0.92
can,2016,IE,890,4,0.92,0.33,0.26
can,2016,IS,62,2.1,0.84,0.11,0.6
can,2016,IT,7568,2.8,0.95,0.06,0.88
can,2016,LI,4,3.8,1,0,1
can,2016,LT,2078,4.5,1,0.05,0.93
can,2016,LU,582,2.8,0.98,0.19,0.2
can,2016,LV,1389,8.1,1,0.19,0.99
can,2016,MK,758,2.8,0.92,0.07,0.41
can,2016,MT,317,1.3,1,0.04,0.97
can,2016,NL,5157,2,0.95,0.14,0.54
can,2016,NO,2589,1.9,1,0.47,0.48
can,2016,PL,17459,6.5,0.98,0.02,0.85
can,2016,PT,2318,1.7,0.97,0.02,0.88
can,2016,RO,3821,6.6,1,0.5,0.94
can,2016,SE,5668,2.7,0.9,0.41,0.85
can,2016,SI,1767,5,0.94,0.15,0.33
can,2016,SK,1143,2.8,0.8,0.31,0.67
can,2016,UK,16228,3.2,0.95,0.13,0.8
can,2017,AT,2517,1.7,0.92,0.11,0.76
can,2017,BE,3685,2.3,0.88,0.3,0.65
can,2017,BG,8436,3.4,0.75,0.02,0.92
can,2017,CH,3068,1.2,0.87,0,0
can,2017,CY,288,2.1,0.94,0.04,0.99
can,2017,CZ,9096,2.4,0.8,0.12,0.8
can,2017,DE,32072,1.9,0.91,0.14,0.87
can,2017,DK,2693,3.4,0.8,0.36,0.69
can,2017,EE,1300,3.1,0.94,0.36,0.01
can,2017,ES,12834,2.5,0.93,0.06,0.76
can,2017,FI,2895,2.6,0.89,0.19,0.76
can,2017,FR,36748,3.5,0.94,0.33,0.81
can,2017,GR,1375,3.1,0.93,0.06,0.81
can,2017,HR,1581,5.9,0.92,0.37,0.58
can,2017,HU,2523,3.7,0.8,0.07,0.93
can,2017,IE,1018,3.5,0.9,0.33,0.31
can,2017,IS,86,1.5,0.96,0.07,0.5
can,2017,IT,7971,2.5,0.87,0.07,0.88
can,2017,LI,12,4.8,1,0,0.33
can,2017,LT,2110,5.5,0.98,0.05,0.53
can,2017,LU,562,1.7,0.92,0.17,0.27
can,2017,LV,1721,7.1,0.78,0.19,1
can,2017,MK,632,3.6,0.89,0.07,0.32
can,2017,MT,691,1.4,0.58,0.03,0.96
can,2017,NL,5752,1.5,0.88,0.33,0.39
can,2017,NO,2652,1.7,0.89,0.31,0.61
can,2017,PL,22476,6.8,0.87,0.01,0.78
can,2017,PT,3195,1.8,0.96,0.02,0.8
can,2017,RO,4747,8.8,1,0.53,0.95
can,2017,SE,6371,2.3,0.8,0.17,0.78
can,2017,SI,5057,8.7,0.9,0.16,0.18
can,2017,SK,1418,3.7,0.59,0.33,0.66
can,2017,UK,17354,2.3,0.94,0.12,0.79
can,2018,AT,2792,1.8,0.9,0.13,0.72
can,2018,BE,4248,2.5,0.84,0.35,0.65
can,2018,BG,9070,3.8,0.74,0.03,0.91
can,2018,CH,3071,1.2,0.85,0,0
can,2018,CY,362,2,0.89,0.03,0.97
can,2018,CZ,12449,2.5,0.81,0.11,0.83
can,2018,DE,36233,1.9,0.89,0.14,0.88
can,2018,DK,2831,3.2,0.78,0.38,0.69
can,2018,EE,1408,4.1,0.8,0.38,0.01
can,2018,ES,14492,3,0.9,0.05,0.84
can,2018,FI,3165,2.4,0.87,0.2,0.78
can,2018,FR,37995,3.3,0.93,0.37,0.82
can,2018,GR,2022,4,0.88,0.05,0.85
can,2018,HR,1878,5.4,0.89,0.37,0.52
can,2018,HU,3149,3.9,0.78,0.07,0.93
can,2018,IE,1192,3.7,0.9,0.26,0.3
can,2018,IS,142,2,0.83,0.11,0.3
can,2018,IT,9286,2.6,0.84,0.08,0.86
can,2018,LI,11,2.9,1,0,0.18
can,2018,LT,2940,9.1,0.81,0.05,0.06
can,2018,LU,570,1.9,0.92,0.16,0.33
can,2018,LV,2338,4.6,0.78,0.14,1
can,2018,MK,697,3.6,0.89,0.07,0.26
can,2018,MT,787,1.7,0.78,0.03,0.95
can,2018,NL,6638,1.5,0.85,0.33,0.37
can,2018,NO,3033,1.7,0.88,0.34,0.72
can,2018,PL,27326,6,0.82,0.02,0.77
can,2018,PT,4136,2.1,0.95,0.03,0.76
can,2018,RO,5970,9.2,0.96,0.29,0.94
can,2018,SE,7338,2.5,0.82,0.06,0.78
can,2018,SI,5733,8.2,0.9,0.08,0.22
can,2018,SK,1905,3.4,0.68,0.39,0.7
can,2018,UK,21059,2,0.95,0.1,0.82
can,2019,AT,3362,1.7,0.91,0.12,0.71
can,2019,BE,4803,2.6,0.81,0.36,0.69
can,2019,BG,9953,3.2,0.83,0.04,0.91
can,2019,CH,3404,1.3,0.94,0,0
can,2019,CY,370,2.7,0.84,0.04,0.97
can,2019,CZ,12814,2.7,0.85,0.14,0.81
can,2019,DE,45130,1.8,0.89,0.14,0.88
can,2019,DK,3208,3.7,0.8,0.37,0.7
can,2019,EE,1694,5.3,0.85,0.44,0.01
can,2019,ES,17964,3.2,0.9,0.04,0.86
can,2019,FI,3797,2.8,0.88,0.23,0.74
can,2019,FR,39145,3.4,0.94,0.39,0.83
can,2019,GR,2983,3.7,0.88,0.04,0.82
can,2019,HR,2539,5.9,0.92,0.35,0.54
can,2019,HU,3308,3.2,0.85,0.07,0.9
can,2019,IE,1303,2.8,0.91,0.3,0.31
can,2019,IS,164,2.6,0.88,0.12,0.32
can,2019,IT,10195,3.2,0.89,0.09,0.88
can,2019,LI,31,1.3,1,0.06,0.71
can,2019,LT,3816,8.4,0.83,0.07,0.06
can,2019,LU,684,2.4,0.91,0.14,0.42
can,2019,LV,2752,4.6,0.8,0.14,1
can,2019,MK,641,6.4,0.89,0.05,0.23
can,2019,MT,703,1.8,0.77,0.03,0.9
can,2019,NL,6737,1.4,0.88,0.33,0.31
can,2019,NO,3219,1.7,0.87,0.31,0.79
can,2019,PL,27911,6,0.83,0.01,0.76
can,2019,PT,4096,2.6,0.94,0.02,0.77
can,2019,RO,10731,14.3,0.92,0,0.97
can,2019,SE,7789,2.6,0.84,0.06,0.8
can,2019,SI,6647,8,0.95,0.08,0.21
can,2019,SK,1887,2.5,0.73,0.32,0.7
can,2019,UK,20991,2.1,0.95,0.11,0.81
can,2020,AT,3828,1.9,0.92,0.12,0.72
can,2020,BE,4481,2.5,0.83,0.37,0.68
can,2020,BG,9483,3.5,0.84,0.06,0.87
can,2020,CH,3002,1.2,0.94,0,0
can,2020,CY,311,1.9,0.88,0.04,0.95
can,2020,CZ,13262,2.5,0.88,0.17,0.8
can,2020,DE,49962,1.8,0.91,0.13,0.88
can,2020,DK,3093,3.3,0.82,0.31,0.71
can,2020,EE,1844,5.1,0.85,0.43,0.01
can,2020,ES,18501,3.1,0.89,0.03,0.87
can,2020,FI,4188,2.1,0.88,0.22,0.73
can,2020,FR,33633,3.3,0.94,0.41,0.84
can,2020,GR,2992,3.5,0.87,0.05,0.82
can,2020,HR,2603,5,0.91,0.29,0.58
can,2020,HU,3606,3.4,0.86,0.07,0.89
can,2020,IE,1347,4.5,0.9,0.35,0.27
can,2020,IS,202,4.2,0.85,0.04,0.27
can,2020,IT,9862,2.9,0.9,0.11,0.88
can,2020,LI,47,1.4,0.94,0.02,0.64
can,2020,LT,4636,7.9,0.79,0.07,0.04
can,2020,LU,773,1.8,0.9,0.14,0.46
can,2020,LV,2926,5.5,0.82,0.16,1
can,2020,MK,298,5.7,0.75,0.09,0.25
can,2020,MT,399,1.6,0.73,0.09,0.91
can,2020,NL,6994,1.4,0.9,0.31,0.29
can,2020,NO,3404,1.9,0.86,0.32,0.79
can,2020,PL,28378,6,0.86,0.01,0.76
can,2020,PT,3150,2.9,0.92,0.02,0.62
can,2020,RO,16031,15.9,0.95,0,0.96
can,2020,SE,7724,2.5,0.83,0.06,0.84
can,2020,SI,7043,8.2,0.95,0.08,0.16
can,2020,SK,1947,2.6,0.71,0.26,0.69
can,2020,UK,17646,2,0.95,0.1,0.76
can,2021,AT,3926,1.9,0.91,0.18,0.72
can,2021,BE,4447,2.3,0.85,0.38,0.67
can,2021,BG,11856,3.5,0.83,0.06,0.78
can,2021,CH,3209,1.2,0.93,0,0
can,2021,CY,373,1.8,0.91,0.02,0.98
can,2021,CZ,15398,2.4,0.89,0.19,0.79
can,2021,DE,51889,1.8,0.91,0.15,0.89
can,2021,DK,2983,3.3,0.79,0.35,0.7
can,2021,EE,2235,4.7,0.85,0.41,0.01
can,2021,ES,21996,3.1,0.92,0.03,0.89
can,2021,FI,4444,2.5,0.88,0.19,0.69
can,2021,FR,37172,3.4,0.95,0.44,0.84
can,2021,GR,3639,3.5,0.91,0.04,0.84
can,2021,HR,2837,5.5,0.93,0.3,0.56
can,2021,HU,4170,3.3,0.85,0.1,0.89
can,2021,IE,1582,4.2,0.89,0.32,0.24
can,2021,IS,218,1.6,0.88,0.04,0.33
can,2021,IT,11944,3.1,0.92,0.11,0.9
can,2021,LI,27,2.8,0.92,0,0.41
can,2021,LT,5072,7.8,0.78,0.08,0.04
can,2021,LU,853,1.8,0.93,0.12,0.41
can,2021,LV,3640,4.7,0.84,0.14,1
can,2021,MK,286,5.9,0.78,0.07,0.26
can,2021,MT,554,1.5,0.76,0.09,0.93
can,2021,NL,7949,1.7,0.87,0.32,0.26
can,2021,NO,3910,1.9,0.88,0.27,0.79
can,2021,PL,30482,5.8,0.86,0.01,0.77
can,2021,PT,3371,3.1,0.92,0.03,0.7
can,2021,RO,19388,14.5,0.95,0,0.96
can,2021,SE,9132,2.5,0.85,0.14,0.86
can,2021,SI,7495,7.6,0.95,0.1,0.14
can,2021,SK,2170,2.6,0.75,0.25,0.69
can,2021,UK,6859,2.7,0.95,0.13,0.73
can,2022,AT,4282,1.9,0.86,0.19,0.73
can,2022,BE,4430,2.3,0.85,0.39,0.69
can,2022,BG,12722,2.3,0.8,0.03,0.8
can,2022,CH,2990,1.3,0.92,0,0
can,2022,CY,514,2.3,0.9,0.03,0.99
can,2022,CZ,17674,2.5,0.88,0.19,0.81
can,2022,DE,53584,1.8,0.89,0.15,0.89
can,2022,DK,3187,3.3,0.79,0.33,0.64
can,2022,EE,2590,3.8,0.86,0.37,0.01
can,2022,ES,24871,3.3,0.9,0.04,0.9
can,2022,FI,5047,2.5,0.86,0.19,0.63
can,2022,FR,37348,3.2,0.94,0.44,0.85
can,2022,GR,4246,3.2,0.9,0.05,0.85
can,2022,HR,3152,5.3,0.91,0.32,0.57
can,2022,HU,4789,3.1,0.82,0.09,0.88
can,2022,IE,1585,3.3,0.88,0.3,0.29
can,2022,IS,194,1.7,0.9,0.05,0.26
can,2022,IT,11034,3.1,0.9,0.12,0.9
can,2022,LI,55,1.7,0.95,0.02,0.13
can,2022,LT,5551,7.2,0.79,0.08,0.04
can,2022,LU,803,2.1,0.92,0.11,0.32
can,2022,LV,4492,4.4,0.82,0.13,1
can,2022,MK,332,5.8,0.75,0.03,0.24
can,2022,MT,762,1.4,0.73,0.11,0.95
can,2022,NL,8267,1.5,0.9,0.31,0.25
can,2022,NO,4007,1.8,0.87,0.29,0.81
can,2022,PL,37580,5.2,0.83,0.01,0.78
can,2022,PT,3250,3.2,0.93,0.03,0.71
can,2022,RO,23201,9,0.94,0,0.97
can,2022,SE,9379,2.6,0.86,0.16,0.87
can,2022,SI,3502,5.8,0.88,0.18,0.13
can,2022,SK,3162,2.5,0.78,0.25,0.67
can,2022,UK,2035,3.6,0.94,0.06,0.84
can,2023,AT,4703,1.8,0.9,0.2,0.74
can,2023,BE,3567,2.2,0.84,0.41,0.71
can,2023,BG,14390,2.2,0.84,0.03,0.81
can,2023,CH,2284,1.3,0.93,0,0
can,2023,CY,635,2.2,0.88,0.02,0.99
can,2023,CZ,19622,2.4,0.9,0.21,0.8
can,2023,DE,49740,1.9,0.9,0.14,0.9
can,2023,DK,3149,3.9,0.81,0.3,0.68
can,2023,EE,1096,4.1,0.87,0.31,0.01
can,2023,ES,24477,3.1,0.92,0.04,0.88
can,2023,FI,4902,2.6,0.87,0.16,0.6
can,2023,FR,39178,3.4,0.94,0.46,0.85
can,2023,GR,4534,2.8,0.9,0.03,0.86
can,2023,HR,3473,4.9,0.92,0.26,0.59
can,2023,HU,3822,3.5,0.88,0.13,0.96
can,2023,IE,1959,2.9,0.92,0.28,0.25
can,2023,IS,287,1.7,0.87,0.01,0.34
can,2023,IT,12935,3.2,0.92,0.11,0.91
can,2023,LI,75,1.1,0.99,0,0.07
can,2023,LT,6244,6,0.82,0.07,0.04
can,2023,LU,872,2.1,0.94,0.12,0.31
can,2023,LV,4583,4.3,0.85,0.11,1
can,2023,MK,330,5.3,0.8,0.02,0.23
can,2023,MT,779,1.5,0.77,0.11,0.97
can,2023,NL,7146,1.4,0.91,0.32,0.29
can,2023,NO,3795,1.8,0.87,0.28,0.84
can,2023,PL,40579,5.2,0.87,0.01,0.78
can,2023,PT,4245,3.4,0.94,0.02,0.73
can,2023,RO,24267,9,0.92,0,0.97
can,2023,SE,9904,2.6,0.87,0.15,0.88
can,2023,SI,3261,4.7,0.87,0.19,0.13
can,2023,SK,2857,2.8,0.83,0.27,0.67
can,2023,UK,1780,2.9,0.97,0.03,0.87
cn,2006,AT,2587,1,1,0.04,0.81
cn,2006,BE,3011,1,1,0.07,0.7
cn,2006,CH,331,1,,0,
cn,2006,CY,306,1,1,0,0.76
cn,2006,CZ,2130,1,1,0.03,0.89
cn,2006,DE,16019,1.1,1,0.07,0.89
cn,2006,DK,1699,1.1,1,0.21,0.94
cn,2006,EE,356,1,,0.03,
cn,2006,ES,9247,1,1,0.01,0.89
cn,2006,FI,1840,1,,0.02,0.86
cn,2006,FR,43591,1,1,0.02,0.82
cn,2006,GR,4397,1.1,1,0.01,0.87
cn,2006,HU,2140,1.1,1,0.02,0.69
cn,2006,IE,1592,1,1,0.09,0.3
cn,2006,IS,123,1.4,,0.07,
cn,2006,IT,9755,1,1,0.01,0.92
cn,2006,LI,9,1,1,0.11,
cn,2006,LT,1433,1,1,0,0.91
cn,2006,LU,334,1.5,1,0,0.53
cn,2006,LV,824,1.2,1,0.05,1
cn,2006,MT,167,1,1,0.01,0.71
cn,2006,NL,3410,1,1,0.19,0.85
cn,2006,NO,2441,1,1,0.02,
cn,2006,PL,10419,1,1,0.01,0.93
cn,2006,PT,1228,1.2,1,0.01,0.95
cn,2006,SE,4007,1,1,0.17,0.96
cn,2006,SI,752,1.1,1,0.02,0.77
cn,2006,SK,514,1.2,1,0.24,0.69
cn,2006,UK,12675,1.1,1,0.21,0.68
cn,2007,AT,2970,1,1,0.06,0.66
cn,2007,BE,3559,1.1,1,0.08,0.65
cn,2007,BG,964,1.5,1,0.04,0.7
cn,2007,CH,323,1,1,0,
cn,2007,CY,387,1,1,0.01,0.76
cn,2007,CZ,2452,1,1,0.06,0.92
cn,2007,DE,16243,1.1,1,0.08,0.89
cn,2007,DK,1708,1.1,1,0.25,0.9
cn,2007,EE,382,1.1,1,0.05,0.02
cn,2007,ES,9969,1.1,1,0.01,0.88
cn,2007,FI,2199,1,1,0.05,0.83
cn,2007,FR,42347,1,1,0.06,0.77
cn,2007,GR,3492,1.1,1,0.02,0.78
cn,2007,HR,2,1,,0,1
cn,2007,HU,1913,1.3,1,0.03,0.74
cn,2007,IE,1802,1.1,1,0.11,0.28
cn,2007,IS,120,1,1,0.15,
cn,2007,IT,9498,1.1,1,0.01,0.94
cn,2007,LI,17,1.2,1,0.06,
cn,2007,LT,1678,1.1,1,0.01,0.86
cn,2007,LU,336,1.7,1,0,0.43
cn,2007,LV,1068,1.2,1,0.07,1
cn,2007,MT,188,1,1,0.02,0.77
cn,2007,NL,3752,1,1,0.25,0.87
cn,2007,NO,2839,1,1,0.34,0
cn,2007,PL,11110,1,1,0.01,0.89
cn,2007,PT,1247,1,1,0,0.94
cn,2007,RO,5668,1,1,0.12,0.33
cn,2007,SE,3909,1.1,1,0.09,0.95
cn,2007,SI,1165,1.1,1,0.22,0.64
cn,2007,SK,507,1.2,1,0.38,0.61
cn,2007,UK,12875,1.1,1,0.23,0.67
cn,2008,AT,3189,1,1,0.07,0.72
cn,2008,BE,4454,1,1,0.09,0.68
cn,2008,BG,1778,1.4,1,0.08,0.68
cn,2008,CH,394,1,,0,
cn,2008,CY,446,1,1,0,0.75
cn,2008,CZ,2419,1,1,0.08,0.87
cn,2008,DE,17585,1.1,1,0.08,0.9
cn,2008,DK,1986,1,1,0.25,0.78
cn,2008,EE,515,1,1,0.09,0
cn,2008,ES,10892,1,1,0.03,0.89
cn,2008,FI,2746,1,1,0.09,0.82
cn,2008,FR,42743,1,1,0.16,0.78
cn,2008,GR,2975,1,1,0.02,0.8
cn,2008,HU,2357,1.7,1,0.04,0.8
cn,2008,IE,1580,1,1,0.17,0.29
cn,2008,IS,118,1,,0.14,0.21
cn,2008,IT,9775,1,1,0.01,0.94
cn,2008,LI,28,1,1,0,0.8
cn,2008,LT,1638,1.1,1,0.01,0.88
cn,2008,LU,369,1.4,1,0,0.6
cn,2008,LV,1023,1.2,1,0.09,0.98
cn,2008,MK,105,1,1,0.05,0.32
cn,2008,MT,106,1,1,0,0.96
cn,2008,NL,3979,1,1,0.27,0.88
cn,2008,NO,3049,1,1,0.36,0.5
cn,2008,PL,13371,1.1,1,0.01,0.91
cn,2008,PT,1460,1,1,0.01,0.96
cn,2008,RO,5499,1,1,0.2,0.67
cn,2008,SE,3939,1.1,1,0.18,0.94
cn,2008,SI,1242,1.1,1,0.23,0.33
cn,2008,SK,620,1.2,1,0.34,0.68
cn,2008,UK,13384,1.1,1,0.24,0.64
cn,2009,AT,3099,1,1,0.07,0.77
cn,2009,BE,4797,1,1,0.11,0.71
cn,2009,BG,1325,1.4,1,0.03,0.76
cn,2009,CH,557,1.2,1,0,1
cn,2009,CY,496,1,1,0.01,0.86
cn,2009,CZ,2687,1,1,0.12,0.86
cn,2009,DE,20869,1.1,1,0.08,0.9
cn,2009,DK,1886,1,1,0.3,0.78
cn,2009,EE,418,1.1,1,0.11,0
cn,2009,ES,11548,1.1,1,0.03,0.9
cn,2009,FI,2966,1,1,0.08,0.83
cn,2009,FR,43448,1,1,0.31,0.8
cn,2009,GR,2685,1.1,1,0.02,0.84
cn,2009,HR,1,1,1,0,
cn,2009,HU,2780,1.1,1,0.03,0.86
cn,2009,IE,1311,1,1,0.18,0.24
cn,2009,IS,108,1,1,0.29,0.3
cn,2009,IT,9558,1,1,0.02,0.93
cn,2009,LI,28,1,1,0,0.75
cn,2009,LT,1346,1.1,1,0.01,0.86
cn,2009,LU,510,1.2,1,0.1,0.56
cn,2009,LV,696,1.2,1,0.07,0.97
cn,2009,MK,118,1,1,0.14,0.26
cn,2009,MT,313,1,1,0,0.95
cn,2009,NL,4382,1,1,0.3,0.89
cn,2009,NO,3487,1,1,0.35,1
cn,2009,PL,14196,1.1,1,0.01,0.91
cn,2009,PT,1568,1,1,0.03,0.94
cn,2009,RO,3868,1,1,0.26,0.76
cn,2009,SE,4221,1,1,0.17,0.93
cn,2009,SI,1311,1.1,1,0.25,0.37
cn,2009,SK,813,1.2,1,0.24,0.74
cn,2009,UK,13239,1.1,1,0.26,0.65
cn,2010,AT,2945,1,1,0.07,0.78
cn,2010,BE,4842,1.1,1,0.12,0.69
cn,2010,BG,1397,1.7,1,0.05,0.79
cn,2010,CH,1471,1.2,1,0,0.5
cn,2010,CY,474,1,1,0.01,0.98
cn,2010,CZ,2962,1.1,1,0.11,0.87
cn,2010,DE,21910,1,1,0.08,0.9
cn,2010,DK,2179,1.1,1,0.32,0.81
cn,2010,EE,636,1.1,1,0.12,0
cn,2010,ES,10591,1.1,1,0.04,0.88
cn,2010,FI,3200,1,1,0.08,0.84
cn,2010,FR,45603,1,1,0.32,0.82
cn,2010,GR,3522,1,1,0.02,0.87
cn,2010,HU,2743,1.1,1,0.02,0.87
cn,2010,IE,1309,1,1,0.2,0.23
cn,2010,IS,85,1,1,0.29,0.31
cn,2010,IT,9813,1.1,1,0.02,0.92
cn,2010,LI,17,1.2,1,0,1
cn,2010,LT,1811,1.1,1,0.02,0.77
cn,2010,LU,488,1.2,1,0.09,0.36
cn,2010,LV,790,1.2,1,0.62,1
cn,2010,MK,116,1,1,0.06,0.36
cn,2010,MT,166,1,1,0.02,0.77
cn,2010,NL,4065,1,1,0.31,0.88
cn,2010,NO,3512,1,1,0.38,0.17
cn,2010,PL,18571,1.1,1,0.01,0.91
cn,2010,PT,1811,1,1,0.03,0.95
cn,2010,RO,3731,1,1,0.32,0.96
cn,2010,SE,4984,1,1,0.15,0.93
cn,2010,SI,1281,1,1,0.22,0.38
cn,2010,SK,781,1.1,1,0.17,0.81
cn,2010,UK,11644,1.1,1,0.27,0.62
cn,2011,AT,3049,1,1,0.09,0.77
cn,2011,BE,6009,1,1,0.1,0.7
cn,2011,BG,1824,1.9,1,0.05,0.78
cn,2011,CH,1319,1.3,,0,
cn,2011,CY,458,1,1,0.01,1
cn,2011,CZ,3770,1.1,1,0.14,0.86
cn,2011,DE,22440,1,1,0.1,0.91
cn,2011,DK,2628,1,1,0.34,0.81
cn,2011,EE,817,1,1,0.11,0
cn,2011,ES,8876,1.1,1,0.06,0.77
cn,2011,FI,3270,1,1,0.1,0.83
cn,2011,FR,46190,1,1,0.33,0.83
cn,2011,GR,2387,1.1,1,0.04,0.89
cn,2011,HR,2,1,1,0,1
cn,2011,HU,2640,1.1,1,0.04,0.83
cn,2011,IE,1370,1,1,0.26,0.21
cn,2011,IS,110,1,1,0.25,0.54
cn,2011,IT,9715,1.1,1,0.03,0.89
cn,2011,LI,10,1,1,0,0
cn,2011,LT,2426,1.1,1,0.02,0.74
cn,2011,LU,550,1.3,1,0.18,0.47
cn,2011,LV,987,1.1,1,0.85,1
cn,2011,MK,128,1,1,0.09,0.59
cn,2011,MT,231,1,1,0,0.91
cn,2011,NL,4004,1,1,0.3,0.83
cn,2011,NO,3888,1,1,0.4,0.67
cn,2011,PL,21252,1.1,1,0.01,0.9
cn,2011,PT,1677,1,1,0.03,0.98
cn,2011,RO,4037,1,1,0.34,0.94
cn,2011,SE,5536,1,1,0.15,0.88
cn,2011,SI,1487,1,1,0.3,0.37
cn,2011,SK,1165,1.1,1,0.25,0.76
cn,2011,UK,11069,1.1,1,0.3,0.59
cn,2012,AT,3132,1,1,0.11,0.87
cn,2012,BE,5640,1.1,1,0.11,0.69
cn,2012,BG,2347,1.9,1,0.05,0.75
cn,2012,CH,1395,1.2,,0,1
cn,2012,CY,394,1,1,0.02,0.99
cn,2012,CZ,5655,1.1,1,0.14,0.88
cn,2012,DE,22729,1,1,0.11,0.9
cn,2012,DK,2828,1.1,1,0.37,0.82
cn,2012,EE,1016,1.1,1,0.17,0
cn,2012,ES,7235,1.1,1,0.09,0.77
cn,2012,FI,3370,1,1,0.12,0.85
cn,2012,FR,44742,1,1,0.34,0.85
cn,2012,GR,2958,1.1,1,0.04,0.87
cn,2012,HR,6,1,1,0.33,1
cn,2012,HU,1672,1.1,1,0.04,0.89
cn,2012,IE,1286,1,1,0.31,0.21
cn,2012,IS,116,1,1,0.24,0.43
cn,2012,IT,8644,1,1,0.03,0.91
cn,2012,LI,6,1,1,0,
cn,2012,LT,2505,1,1,0.03,0.76
cn,2012,LU,555,1.1,1,0.13,0.23
cn,2012,LV,1101,1.2,1,0.14,1
cn,2012,MK,154,1,1,0.1,0.22
cn,2012,MT,259,1,1,0.03,0.92
cn,2012,NL,3876,1,1,0.31,0.71
cn,2012,NO,4089,1,1,0.41,0.79
cn,2012,PL,21517,1.1,1,0.01,0.89
cn,2012,PT,1382,1.1,1,0.05,1
cn,2012,RO,4012,1,1,0.45,0.95
cn,2012,SE,6107,1,1,0.31,0.8
cn,2012,SI,1363,1,1,0.31,0.37
cn,2012,SK,1492,1.1,1,0.3,0.79
cn,2012,UK,10069,1.1,1,0.3,0.6
cn,2013,AT,3110,1,1,0.12,0.77
cn,2013,BE,5503,1,1,0.15,0.69
cn,2013,BG,3439,1.6,1,0.02,0.83
cn,2013,CH,1562,1.3,1,0,1
cn,2013,CY,324,1,1,0.05,0.99
cn,2013,CZ,4600,1,1,0.14,0.87
cn,2013,DE,24188,1.1,1,0.11,0.89
cn,2013,DK,2753,1.1,1,0.38,0.82
cn,2013,EE,886,1.1,1,0.19,0
cn,2013,ES,8072,1.1,1,0.06,0.74
cn,2013,FI,3407,1,1,0.11,0.84
cn,2013,FR,43839,1,1,0.37,0.86
cn,2013,GR,2797,1.1,1,0.06,0.84
cn,2013,HR,643,1.1,1,0.3,0.6
cn,2013,HU,2410,1,1,0.03,0.89
cn,2013,IE,1344,1,1,0.44,0.25
cn,2013,IS,106,1,1,0.26,0.5
cn,2013,IT,8913,1.1,1,0.04,0.9
cn,2013,LI,2,1,1,0,
cn,2013,LT,2482,1,1,0.02,0.77
cn,2013,LU,658,1.2,1,0.16,0.26
cn,2013,LV,960,1.2,1,0.12,0.99
cn,2013,MK,172,1.1,1,0.06,0.16
cn,2013,MT,228,1,1,0.07,0.95
cn,2013,NL,3795,1,1,0.33,0.62
cn,2013,NO,4283,1,1,0.42,0.77
cn,2013,PL,23112,1.1,1,0.01,0.87
cn,2013,PT,1605,1.1,1,0.05,0.98
cn,2013,RO,3547,1,1,0.49,0.94
cn,2013,SE,6339,1,1,0.37,0.9
cn,2013,SI,1404,1.1,1,0.24,0.43
cn,2013,SK,1587,1,1,0.35,0.72
cn,2013,UK,9961,1.1,1,0.3,0.6
cn,2014,AT,3028,1,1,0.12,0.78
cn,2014,BE,5540,1.1,1,0.21,0.73
cn,2014,BG,3172,1.6,1,0.02,0.84
cn,2014,CH,1754,1.3,1,0,
cn,2014,CY,302,1,1,0.03,1
cn,2014,CZ,5389,1.1,1,0.14,0.88
cn,2014,DE,25228,1,1,0.12,0.89
cn,2014,DK,2726,1.1,1,0.41,0.79
cn,2014,EE,1051,1,1,0.22,0
cn,2014,ES,8817,1.1,1,0.07,0.75
cn,2014,FI,3372,1,1,0.09,0.85
cn,2014,FR,40710,1,1,0.39,0.86
cn,2014,GR,2451,1.1,1,0.05,0.84
cn,2014,HR,1583,1,1,0.36,0.58
cn,2014,HU,1943,1,1,0.03,0.89
cn,2014,IE,1305,1,1,0.42,0.27
cn,2014,IS,94,1.1,1,0.16,0.37
cn,2014,IT,8922,1.1,1,0.04,0.91
cn,2014,LI,3,1,1,0,1
cn,2014,LT,2333,1,1,0.04,0.78
cn,2014,LU,652,1.2,1,0.16,0.26
cn,2014,LV,1124,1.2,1,0.16,1
cn,2014,MK,696,1,1,0.09,0.36
cn,2014,MT,323,1,1,0.02,0.99
cn,2014,NL,3952,1,1,0.37,0.56
cn,2014,NO,4223,1,1,0.4,0.41
cn,2014,PL,22245,1.1,1,0.01,0.87
cn,2014,PT,1631,1,1,0.06,0.97
cn,2014,RO,3803,1,1,0.47,0.95
cn,2014,SE,6439,1,1,0.38,0.91
cn,2014,SI,1266,1.1,1,0.29,0.4
cn,2014,SK,1577,1.1,1,0.24,0.74
cn,2014,UK,10278,1.1,1,0.29,0.59
cn,2015,AT,3132,1,1,0.14,0.8
cn,2015,BE,5498,1,1,0.25,0.69
cn,2015,BG,2908,1.6,1,0.04,0.82
cn,2015,CH,4106,1.2,,0,1
cn,2015,CY,320,1,1,0.03,1
cn,2015,CZ,4728,1.2,1,0.17,0.87
cn,2015,DE,28654,1,1,0.13,0.89
cn,2015,DK,2933,1.1,1,0.42,0.76
cn,2015,EE,1070,1.1,1,0.26,0
cn,2015,ES,8952,1.1,1,0.07,0.71
cn,2015,FI,3302,1,1,0.1,0.85
cn,2015,FR,41466,1,1,0.38,0.85
cn,2015,GR,2022,1.1,1,0.09,0.87
cn,2015,HR,1619,1,1,0.35,0.56
cn,2015,HU,2148,1,1,0.05,0.9
cn,2015,IE,1394,1,1,0.3,0.24
cn,2015,IS,157,1,1,0.15,0.62
cn,2015,IT,9155,1.1,1,0.05,0.91
cn,2015,LI,2,1,,0,1
cn,2015,LT,2057,1,1,0.05,0.84
cn,2015,LU,674,1.3,1,0.19,0.27
cn,2015,LV,1108,1.2,1,0.17,1
cn,2015,MK,1689,1,1,0.05,0.29
cn,2015,MT,371,1,1,0.04,0.99
cn,2015,NL,4135,1,1,0.36,0.54
cn,2015,NO,4389,1,1,0.43,0.48
cn,2015,PL,21143,1.1,1,0.01,0.87
cn,2015,PT,1673,1,1,0.08,0.99
cn,2015,RO,4527,1,1,0.55,0.95
cn,2015,SE,6880,1,1,0.36,0.9
cn,2015,SI,1348,1.4,1,0.32,0.39
cn,2015,SK,1416,1,1,0.31,0.69
cn,2015,UK,9865,1.1,1,0.28,0.61
cn,2016,AT,3182,1.4,1,0.13,0.75
cn,2016,BE,5689,1.1,1,0.26,0.68
cn,2016,BG,3686,8.6,1,0.03,0.9
cn,2016,CH,4420,1.1,1,0,0
cn,2016,CY,340,1,1,0.05,0.98
cn,2016,CZ,4613,1.5,1,0.18,0.86
cn,2016,DE,31460,1.6,1,0.14,0.87
cn,2016,DK,2205,4,1,0.35,0.73
cn,2016,EE,965,1.1,1,0.34,0
cn,2016,ES,10728,1.5,1,0.07,0.73
cn,2016,FI,3619,1.7,1,0.17,0.78
cn,2016,FR,40326,2.7,1,0.42,0.83
cn,2016,GR,1613,1.7,1,0.11,0.83
cn,2016,HR,1581,1,1,0.38,0.56
cn,2016,HU,1834,3.5,0.48,0.07,0.94
cn,2016,IE,1464,1.8,1,0.32,0.27
cn,2016,IS,150,1,1,0.13,0.63
cn,2016,IT,8451,1.6,1,0.07,0.9
cn,2016,LI,9,1,1,0,0.5
cn,2016,LT,2218,1,1,0.05,0.83
cn,2016,LU,647,1.2,1,0.11,0.26
cn,2016,LV,1126,1.2,1,0.22,1
cn,2016,MK,1754,1.2,1,0.05,0.38
cn,2016,MT,494,1,1,0.03,0.96
cn,2016,NL,4686,1.9,1,0.36,0.48
cn,2016,NO,4415,1,1,0.44,0.48
cn,2016,PL,18140,3.1,1,0.01,0.85
cn,2016,PT,1717,2.5,1,0.05,0.85
cn,2016,RO,3589,1.1,1,0.6,0.93
cn,2016,SE,7415,1.1,1,0.4,0.84
cn,2016,SI,1352,8.3,1,0.16,0.35
cn,2016,SK,1177,2.3,1,0.35,0.78
cn,2016,UK,10921,1.9,1,0.27,0.66
cn,2017,AT,3266,1.6,1,0.11,0.71
cn,2017,BE,5961,1.5,1,0.3,0.67
cn,2017,BG,4525,15,1,0.02,0.93
cn,2017,CH,4412,1.3,1,0,0
cn,2017,CY,368,1.7,1,0.05,0.98
cn,2017,CZ,5610,5,1,0.15,0.9
cn,2017,DE,37303,1.8,1,0.13,0.88
cn,2017,DK,2718,3.3,1,0.34,0.74
cn,2017,EE,1133,1.9,1,0.35,0.01
cn,2017,ES,13264,2,1,0.06,0.87
cn,2017,FI,3785,2.1,1,0.22,0.77
cn,2017,FR,44499,3.2,1,0.45,0.83
cn,2017,GR,2038,11.2,1,0.09,0.88
cn,2017,HR,1536,5.6,1,0.37,0.58
cn,2017,HU,2550,4.4,0.43,0.08,0.93
cn,2017,IE,1586,2.3,1,0.27,0.28
cn,2017,IS,183,1.1,1,0.16,0.38
cn,2017,IT,9984,2.8,1,0.08,0.91
cn,2017,LI,12,1,1,0,
cn,2017,LT,2557,4,1,0.06,0.23
cn,2017,LU,776,1.7,1,0.15,0.32
cn,2017,LV,1323,7.6,1,0.18,0.99
cn,2017,MK,1637,2.3,1,0.06,0.3
cn,2017,MT,500,1.5,1,0.04,0.95
cn,2017,NL,5144,1.5,1,0.42,0.37
cn,2017,NO,4320,1.4,1,0.37,0.67
cn,2017,PL,22416,6.8,1,0.01,0.78
cn,2017,PT,2280,2.6,1,0.04,0.83
cn,2017,RO,5195,1.2,1,0.59,0.94
cn,2017,SE,8447,1.2,1,0.1,0.79
cn,2017,SI,1574,12.4,1,0.27,0.23
cn,2017,SK,1658,2.3,1,0.32,0.73
cn,2017,UK,10776,3.4,1,0.24,0.65
cn,2018,AT,3100,1.8,1,0.12,0.71
cn,2018,BE,5663,2.6,1,0.33,0.68
cn,2018,BG,5126,14.5,1,0.02,0.93
cn,2018,CH,4757,1.3,1,0,0
cn,2018,CY,377,3.4,1,0.03,0.97
cn,2018,CZ,7207,4.3,1,0.14,0.91
cn,2018,DE,41452,1.9,1,0.13,0.89
cn,2018,DK,2708,2.9,1,0.39,0.72
cn,2018,EE,1326,4.4,1,0.41,0.01
cn,2018,ES,13074,2.6,1,0.06,0.9
cn,2018,FI,4304,2.3,1,0.24,0.75
cn,2018,FR,44498,3.3,1,0.47,0.82
cn,2018,GR,2791,8.8,1,0.06,0.82
cn,2018,HR,1991,6.5,1,0.37,0.55
cn,2018,HU,2788,3.6,0.43,0.08,0.91
cn,2018,IE,1614,1.8,1,0.26,0.29
cn,2018,IS,155,1.1,1,0.12,0.42
cn,2018,IT,10747,2.9,1,0.07,0.91
cn,2018,LI,14,1,1,0,0.1
cn,2018,LT,3334,8.4,1,0.05,0.06
cn,2018,LU,792,1.8,1,0.11,0.43
cn,2018,LV,1621,10.2,1,0.17,1
cn,2018,MK,1932,1.9,1,0.06,0.26
cn,2018,MT,803,2.2,1,0.03,0.95
cn,2018,NL,5890,1.6,1,0.38,0.39
cn,2018,NO,4614,1.4,1,0.34,0.76
cn,2018,PL,24658,8,1,0.01,0.78
cn,2018,PT,2573,3.1,1,0.03,0.78
cn,2018,RO,5502,32.1,1,0.57,0.95
cn,2018,SE,8541,1.2,1,0.09,0.8
cn,2018,SI,1539,10.5,1,0.24,0.21
cn,2018,SK,1734,2.7,1,0.4,0.72
cn,2018,UK,10905,3.6,1,0.23,0.64
cn,2019,AT,3455,1.7,1,0.12,0.72
cn,2019,BE,5998,2.4,1,0.34,0.7
cn,2019,BG,4924,12.6,1,0.03,0.92
cn,2019,CH,4880,1.3,1,0,0
cn,2019,CY,354,2.7,1,0.04,0.96
cn,2019,CZ,6958,5.1,1,0.16,0.9
cn,2019,DE,46884,1.9,1,0.14,0.9
cn,2019,DK,2865,3.1,1,0.38,0.72
cn,2019,EE,1321,5.1,1,0.45,0.01
cn,2019,ES,16009,3.6,1,0.05,0.9
cn,2019,FI,4526,2.3,1,0.24,0.77
cn,2019,FR,46113,3.2,1,0.48,0.83
cn,2019,GR,2737,13.3,1,0.04,0.85
cn,2019,HR,2270,6.3,1,0.33,0.56
cn,2019,HU,2915,3.7,0.61,0.08,0.91
cn,2019,IE,1830,1.6,1,0.29,0.3
cn,2019,IS,202,1.2,1,0.06,0.26
cn,2019,IT,10938,3.4,1,0.09,0.91
cn,2019,LI,17,1.4,1,0.12,0.47
cn,2019,LT,3700,9,1,0.05,0.06
cn,2019,LU,993,2.2,1,0.12,0.48
cn,2019,LV,1678,10.8,1,0.18,1
cn,2019,MK,1240,15.6,1,0.06,0.25
cn,2019,MT,618,1.8,1,0.03,0.95
cn,2019,NL,5611,1.5,1,0.39,0.33
cn,2019,NO,4809,1.5,1,0.33,0.82
cn,2019,PL,25364,8.2,1,0.01,0.77
cn,2019,PT,3187,3.2,1,0.03,0.75
cn,2019,RO,6666,61.3,1,0.51,0.97
cn,2019,SE,8733,1.3,1,0.07,0.83
cn,2019,SI,1900,7,1,0.24,0.17
cn,2019,SK,1501,3.1,1,0.36,0.68
cn,2019,UK,10998,3,1,0.23,0.64
cn,2020,AT,3649,1.9,1,0.13,0.76
cn,2020,BE,6307,2.6,1,0.35,0.71
cn,2020,BG,4266,14.6,1,0.03,0.8
cn,2020,CH,4629,1.3,1,0,0
cn,2020,CY,331,1.7,1,0.05,0.97
cn,2020,CZ,6752,4.5,1,0.17,0.9
cn,2020,DE,51112,1.9,1,0.14,0.91
cn,2020,DK,2736,2.7,1,0.37,0.72
cn,2020,EE,1475,5.2,1,0.47,0.01
cn,2020,ES,15470,5.1,1,0.04,0.91
cn,2020,FI,5086,3,1,0.22,0.75
cn,2020,FR,40868,3.3,1,0.5,0.83
cn,2020,GR,3217,13.7,1,0.05,0.83
cn,2020,HR,2377,5.8,1,0.3,0.6
cn,2020,HU,3032,3.2,0.7,0.09,0.89
cn,2020,IE,2009,1.7,1,0.28,0.25
cn,2020,IS,234,1.3,1,0.09,0.29
cn,2020,IT,10434,3.6,1,0.09,0.92
cn,2020,LI,24,2.3,1,0.04,0.54
cn,2020,LT,4095,8.9,1,0.03,0.04
cn,2020,LU,1030,1.6,1,0.1,0.58
cn,2020,LV,1697,8.2,1,0.18,1
cn,2020,MK,864,17.4,1,0.09,0.27
cn,2020,MT,701,1.7,1,0.05,0.94
cn,2020,NL,5844,1.7,1,0.4,0.31
cn,2020,NO,5078,1.5,1,0.35,0.8
cn,2020,PL,28016,8.6,1,0.01,0.76
cn,2020,PT,3273,3.4,1,0.03,0.77
cn,2020,RO,6546,49.5,1,0.5,0.97
cn,2020,SE,8752,1.3,1,0.08,0.87
cn,2020,SI,2073,5.1,1,0.25,0.16
cn,2020,SK,1542,2.8,1,0.31,0.75
cn,2020,UK,8494,3.1,1,0.23,0.6
cn,2021,AT,3847,1.8,1,0.14,0.75
cn,2021,BE,6976,2.2,1,0.36,0.71
cn,2021,BG,5300,13.6,1,0.02,0.74
cn,2021,CH,4374,1.2,,0,0
cn,2021,CY,432,2,1,0.03,0.99
cn,2021,CZ,7214,3.8,1,0.18,0.89
cn,2021,DE,55111,2,1,0.14,0.91
cn,2021,DK,2871,2.7,1,0.36,0.71
cn,2021,EE,1622,5.2,1,0.41,0.01
cn,2021,ES,19101,3.7,1,0.05,0.92
cn,2021,FI,5372,2.6,1,0.21,0.75
cn,2021,FR,47247,4,1,0.49,0.84
cn,2021,GR,3697,14.5,1,0.05,0.83
cn,2021,HR,2489,6.2,1,0.31,0.56
cn,2021,HU,3741,3.3,0.66,0.08,0.89
cn,2021,IE,2248,1.9,1,0.25,0.26
cn,2021,IS,277,1.2,1,0.03,0.41
cn,2021,IT,12370,3.5,1,0.1,0.92
cn,2021,LI,29,1.6,1,0,0.31
cn,2021,LT,4323,8.7,1,0.04,0.05
cn,2021,LU,1227,1.7,1,0.1,0.39
cn,2021,LV,2109,8.8,1,0.17,1
cn,2021,MK,1027,14,1,0.12,0.2
cn,2021,MT,750,1.6,1,0.09,0.95
cn,2021,NL,6689,1.5,1,0.4,0.29
cn,2021,NO,5433,2,1,0.34,0.84
cn,2021,PL,23680,8.7,1,0.01,0.78
cn,2021,PT,3840,3.7,1,0.03,0.78
cn,2021,RO,7692,43.8,1,0.49,0.97
cn,2021,SE,9808,1.6,1,0.16,0.89
cn,2021,SI,2579,5.3,1,0.22,0.14
cn,2021,SK,1861,3.1,1,0.31,0.75
cn,2021,UK,279,2.7,1,0.35,0.66
cn,2022,AT,4397,1.7,1,0.15,0.77
cn,2022,BE,6947,2.3,1,0.38,0.71
cn,2022,BG,6265,8.9,1,0.02,0.8
cn,2022,CH,4566,1.3,1,0,0
cn,2022,CY,520,1.9,1,0.03,0.98
cn,2022,CZ,8356,3,1,0.16,0.91
cn,2022,DE,58158,9.6,1,0.14,0.92
cn,2022,DK,3024,3.4,1,0.36,0.71
cn,2022,EE,1754,4.9,1,0.42,0.01
cn,2022,ES,21024,3.3,1,0.05,0.92
cn,2022,FI,5357,2.4,1,0.24,0.75
cn,2022,FR,49607,3.2,1,0.5,0.84
cn,2022,GR,4173,9.1,1,0.05,0.85
cn,2022,HR,2995,5.3,1,0.28,0.58
cn,2022,HU,3385,3.2,0.72,0.08,0.91
cn,2022,IE,2682,1.6,1,0.22,0.26
cn,2022,IS,273,1.3,1,0.05,0.26
cn,2022,IT,12778,3.5,1,0.1,0.93
cn,2022,LI,76,1.2,1,0,0.18
cn,2022,LT,4856,8.3,1,0.03,0.05
cn,2022,LU,1411,1.4,1,0.07,0.32
cn,2022,LV,3090,8.9,1,0.16,1
cn,2022,MK,1027,16,1,0.15,0.23
cn,2022,MT,819,1.5,1,0.1,0.97
cn,2022,NL,6492,1.4,1,0.41,0.32
cn,2022,NO,5468,1.4,1,0.35,0.85
cn,2022,PL,31483,8.1,1,0.01,0.79
cn,2022,PT,4233,3.9,1,0.02,0.78
cn,2022,RO,9361,28.7,1,0.44,0.97
cn,2022,SE,9600,1.3,1,0.16,0.89
cn,2022,SI,2498,5.6,1,0.21,0.13
cn,2022,SK,2430,2.9,1,0.3,0.71
cn,2022,UK,155,2.7,1,0.23,0.72
cn,2023,AT,4190,1.5,1,0.16,0.77
cn,2023,BE,5158,2.5,1,0.38,0.7
cn,2023,BG,7438,6.6,1,0.02,0.82
cn,2023,CH,3520,1.3,1,0,0
cn,2023,CY,502,2,1,0.03,0.98
cn,2023,CZ,9199,2.1,1,0.14,0.91
cn,2023,DE,55368,1.7,1,0.13,0.92
cn,2023,DK,2546,2.6,1,0.36,0.71
cn,2023,EE,744,4.2,1,0.44,0.01
cn,2023,ES,19923,2.7,1,0.05,0.92
cn,2023,FI,3697,2.4,1,0.21,0.77
cn,2023,FR,52243,3.2,1,0.49,0.85
cn,2023,GR,4494,4.3,1,0.04,0.87
cn,2023,HR,3182,5.2,1,0.27,0.59
cn,2023,HU,2846,3.1,0.82,0.1,0.94
cn,2023,IE,2961,1.4,1,0.25,0.3
cn,2023,IS,329,1.2,1,0.03,0.36
cn,2023,IT,14063,3.4,1,0.1,0.93
cn,2023,LI,82,1,,0,0.07
cn,2023,LT,3814,6.1,1,0.03,0.05
cn,2023,LU,1379,1.8,1,0.1,0.28
cn,2023,LV,2602,6,1,0.14,1
cn,2023,MK,1165,15.1,1,0.15,0.25
cn,2023,MT,838,1.4,1,0.12,0.98
cn,2023,NL,5233,1.3,1,0.41,0.34
cn,2023,NO,4677,1.3,1,0.34,0.86
cn,2023,PL,29343,7.8,1,0.01,0.78
cn,2023,PT,5340,3.7,1,0.02,0.79
cn,2023,RO,9278,15.4,1,0.4,0.98
cn,2023,SE,8313,1.4,1,0.16,0.88
cn,2023,SI,2601,4.8,1,0.21,0.12
cn,2023,SK,2079,2.3,1,0.32,0.68
cn,2023,UK,98,3,1,0.49,0.52
